[
  {
    "model": "admin.logentry",
    "pk": 1,
    "fields": {
      "action_time": "2023-03-27T05:28:16.121Z",
      "user": 1,
      "content_type": 3,
      "object_id": "1",
      "object_repr": "manager",
      "action_flag": 1,
      "change_message": "[{\"added\": {}}]"
    }
  },
  {
    "model": "admin.logentry",
    "pk": 2,
    "fields": {
      "action_time": "2023-03-27T05:29:06.185Z",
      "user": 1,
      "content_type": 3,
      "object_id": "1",
      "object_repr": "manager",
      "action_flag": 2,
      "change_message": "[{\"changed\": {\"fields\": [\"Permissions\"]}}]"
    }
  },
  {
    "model": "admin.logentry",
    "pk": 3,
    "fields": {
      "action_time": "2023-03-27T05:36:28.291Z",
      "user": 1,
      "content_type": 4,
      "object_id": "3",
      "object_repr": "manager",
      "action_flag": 2,
      "change_message": "[{\"changed\": {\"fields\": [\"Staff status\", \"Groups\"]}}]"
    }
  },
  {
    "model": "admin.logentry",
    "pk": 4,
    "fields": {
      "action_time": "2023-03-27T05:48:25.725Z",
      "user": 1,
      "content_type": 3,
      "object_id": "2",
      "object_repr": "admin",
      "action_flag": 1,
      "change_message": "[{\"added\": {}}]"
    }
  },
  {
    "model": "admin.logentry",
    "pk": 5,
    "fields": {
      "action_time": "2023-03-27T05:49:04.790Z",
      "user": 1,
      "content_type": 3,
      "object_id": "1",
      "object_repr": "manager",
      "action_flag": 2,
      "change_message": "[{\"changed\": {\"fields\": [\"Permissions\"]}}]"
    }
  },
  {
    "model": "admin.logentry",
    "pk": 6,
    "fields": {
      "action_time": "2023-03-27T05:49:30.326Z",
      "user": 1,
      "content_type": 4,
      "object_id": "4",
      "object_repr": "admin",
      "action_flag": 2,
      "change_message": "[{\"changed\": {\"fields\": [\"Staff status\", \"Groups\"]}}]"
    }
  },
  {
    "model": "admin.logentry",
    "pk": 7,
    "fields": {
      "action_time": "2023-03-27T05:51:49.275Z",
      "user": 1,
      "content_type": 3,
      "object_id": "2",
      "object_repr": "admin",
      "action_flag": 2,
      "change_message": "[{\"changed\": {\"fields\": [\"Permissions\"]}}]"
    }
  },
  {
    "model": "admin.logentry",
    "pk": 8,
    "fields": {
      "action_time": "2023-03-27T05:53:24.674Z",
      "user": 1,
      "content_type": 11,
      "object_id": "2",
      "object_repr": "Fynjy: 0665664585",
      "action_flag": 3,
      "change_message": ""
    }
  },
  {
    "model": "admin.logentry",
    "pk": 9,
    "fields": {
      "action_time": "2023-03-27T05:53:24.683Z",
      "user": 1,
      "content_type": 11,
      "object_id": "1",
      "object_repr": "Ntnzyf: 098-566-55-88",
      "action_flag": 3,
      "change_message": ""
    }
  },
  {
    "model": "admin.logentry",
    "pk": 10,
    "fields": {
      "action_time": "2023-03-27T05:54:34.496Z",
      "user": 1,
      "content_type": 3,
      "object_id": "2",
      "object_repr": "admin",
      "action_flag": 2,
      "change_message": "[{\"changed\": {\"fields\": [\"Permissions\"]}}]"
    }
  },
  {
    "model": "admin.logentry",
    "pk": 11,
    "fields": {
      "action_time": "2023-03-27T05:54:42.840Z",
      "user": 1,
      "content_type": 3,
      "object_id": "1",
      "object_repr": "manager",
      "action_flag": 2,
      "change_message": "[{\"changed\": {\"fields\": [\"Permissions\"]}}]"
    }
  },
  {
    "model": "admin.logentry",
    "pk": 12,
    "fields": {
      "action_time": "2023-03-28T18:55:22.334Z",
      "user": 1,
      "content_type": 12,
      "object_id": "11",
      "object_repr": "7 | Двомісний номер, 2 поверх, східна сторона",
      "action_flag": 2,
      "change_message": "[{\"changed\": {\"fields\": [\"Price\", \"Price 1person\", \"Category\", \"Title photo\"]}}]"
    }
  },
  {
    "model": "admin.logentry",
    "pk": 13,
    "fields": {
      "action_time": "2023-03-28T19:02:21.394Z",
      "user": 1,
      "content_type": 12,
      "object_id": "11",
      "object_repr": "7 | Двомісний номер, 2 поверх, східна сторона",
      "action_flag": 2,
      "change_message": "[{\"changed\": {\"fields\": [\"Title photo\"]}}]"
    }
  },
  {
    "model": "admin.logentry",
    "pk": 14,
    "fields": {
      "action_time": "2023-03-28T19:03:16.400Z",
      "user": 1,
      "content_type": 12,
      "object_id": "11",
      "object_repr": "7 | Двомісний номер, 2 поверх, східна сторона",
      "action_flag": 2,
      "change_message": "[{\"changed\": {\"fields\": [\"Title photo\"]}}]"
    }
  },
  {
    "model": "admin.logentry",
    "pk": 15,
    "fields": {
      "action_time": "2023-03-28T19:11:24.049Z",
      "user": 1,
      "content_type": 12,
      "object_id": "11",
      "object_repr": "7 | Двомісний номер, 2 поверх, східна сторона",
      "action_flag": 2,
      "change_message": "[{\"changed\": {\"name\": \"room photo\", \"object\": \"rooms_img/room_7/IMG_20230305_141411.jpg\", \"fields\": [\"Photo\"]}}, {\"changed\": {\"name\": \"room photo\", \"object\": \"rooms_img/room_7/IMG_20230305_141448.jpg\", \"fields\": [\"Photo\"]}}, {\"changed\": {\"name\": \"room photo\", \"object\": \"rooms_img/room_7/IMG_20230305_141536.jpg\", \"fields\": [\"Photo\"]}}, {\"changed\": {\"name\": \"room photo\", \"object\": \"rooms_img/room_7/IMG_20230305_141640.jpg\", \"fields\": [\"Photo\"]}}]"
    }
  },
  {
    "model": "admin.logentry",
    "pk": 16,
    "fields": {
      "action_time": "2023-03-28T19:13:24.397Z",
      "user": 1,
      "content_type": 12,
      "object_id": "11",
      "object_repr": "7 | Двомісний номер, 2 поверх, східна сторона",
      "action_flag": 2,
      "change_message": "[{\"deleted\": {\"name\": \"room photo\", \"object\": \"room_photo/c36d0e89-c511-4576-a313-eb893451ea51.jpg\"}}]"
    }
  },
  {
    "model": "admin.logentry",
    "pk": 17,
    "fields": {
      "action_time": "2023-03-31T10:43:44.813Z",
      "user": 1,
      "content_type": 13,
      "object_id": "60",
      "object_repr": "rooms_img/room_25/25_title.jpg",
      "action_flag": 3,
      "change_message": ""
    }
  },
  {
    "model": "admin.logentry",
    "pk": 18,
    "fields": {
      "action_time": "2023-03-31T10:43:44.830Z",
      "user": 1,
      "content_type": 13,
      "object_id": "61",
      "object_repr": "rooms_img/room_25/IMG_20230305_125822.jpg",
      "action_flag": 3,
      "change_message": ""
    }
  },
  {
    "model": "admin.logentry",
    "pk": 19,
    "fields": {
      "action_time": "2023-03-31T10:43:44.839Z",
      "user": 1,
      "content_type": 13,
      "object_id": "62",
      "object_repr": "rooms_img/room_25/IMG_20230305_125902.jpg",
      "action_flag": 3,
      "change_message": ""
    }
  },
  {
    "model": "admin.logentry",
    "pk": 20,
    "fields": {
      "action_time": "2023-03-31T10:43:44.847Z",
      "user": 1,
      "content_type": 13,
      "object_id": "63",
      "object_repr": "rooms_img/room_25/IMG_20230305_125928.jpg",
      "action_flag": 3,
      "change_message": ""
    }
  },
  {
    "model": "admin.logentry",
    "pk": 21,
    "fields": {
      "action_time": "2023-03-31T10:43:44.857Z",
      "user": 1,
      "content_type": 13,
      "object_id": "64",
      "object_repr": "rooms_img/room_25/IMG_20230305_130104.jpg",
      "action_flag": 3,
      "change_message": ""
    }
  },
  {
    "model": "admin.logentry",
    "pk": 22,
    "fields": {
      "action_time": "2023-03-31T10:43:44.866Z",
      "user": 1,
      "content_type": 13,
      "object_id": "65",
      "object_repr": "rooms_img/room_25/IMG_20230305_130317.jpg",
      "action_flag": 3,
      "change_message": ""
    }
  },
  {
    "model": "admin.logentry",
    "pk": 23,
    "fields": {
      "action_time": "2023-03-31T10:43:44.876Z",
      "user": 1,
      "content_type": 13,
      "object_id": "66",
      "object_repr": "rooms_img/room_25/IMG_20230305_130416.jpg",
      "action_flag": 3,
      "change_message": ""
    }
  },
  {
    "model": "admin.logentry",
    "pk": 24,
    "fields": {
      "action_time": "2023-03-31T10:43:44.885Z",
      "user": 1,
      "content_type": 13,
      "object_id": "67",
      "object_repr": "rooms_img/room_25/IMG_20230305_130627.jpg",
      "action_flag": 3,
      "change_message": ""
    }
  },
  {
    "model": "admin.logentry",
    "pk": 25,
    "fields": {
      "action_time": "2023-03-31T10:43:44.895Z",
      "user": 1,
      "content_type": 13,
      "object_id": "68",
      "object_repr": "rooms_img/room_25/IMG_20230305_130748.jpg",
      "action_flag": 3,
      "change_message": ""
    }
  },
  {
    "model": "admin.logentry",
    "pk": 26,
    "fields": {
      "action_time": "2023-03-31T10:43:44.905Z",
      "user": 1,
      "content_type": 13,
      "object_id": "69",
      "object_repr": "rooms_img/room_25/IMG_20230305_130828.jpg",
      "action_flag": 3,
      "change_message": ""
    }
  },
  {
    "model": "admin.logentry",
    "pk": 27,
    "fields": {
      "action_time": "2023-03-31T10:43:44.915Z",
      "user": 1,
      "content_type": 13,
      "object_id": "70",
      "object_repr": "rooms_img/room_12/12_title.jpg",
      "action_flag": 3,
      "change_message": ""
    }
  },
  {
    "model": "admin.logentry",
    "pk": 28,
    "fields": {
      "action_time": "2023-03-31T10:43:44.925Z",
      "user": 1,
      "content_type": 13,
      "object_id": "71",
      "object_repr": "rooms_img/room_12/IMG_20230305_131258.jpg",
      "action_flag": 3,
      "change_message": ""
    }
  },
  {
    "model": "admin.logentry",
    "pk": 29,
    "fields": {
      "action_time": "2023-03-31T10:43:44.935Z",
      "user": 1,
      "content_type": 13,
      "object_id": "72",
      "object_repr": "rooms_img/room_12/IMG_20230305_131356.jpg",
      "action_flag": 3,
      "change_message": ""
    }
  },
  {
    "model": "admin.logentry",
    "pk": 30,
    "fields": {
      "action_time": "2023-03-31T10:43:44.946Z",
      "user": 1,
      "content_type": 13,
      "object_id": "73",
      "object_repr": "rooms_img/room_12/IMG_20230305_131441.jpg",
      "action_flag": 3,
      "change_message": ""
    }
  },
  {
    "model": "admin.logentry",
    "pk": 31,
    "fields": {
      "action_time": "2023-03-31T10:43:44.957Z",
      "user": 1,
      "content_type": 13,
      "object_id": "74",
      "object_repr": "rooms_img/room_12/IMG_20230305_131715.jpg",
      "action_flag": 3,
      "change_message": ""
    }
  },
  {
    "model": "admin.logentry",
    "pk": 32,
    "fields": {
      "action_time": "2023-03-31T10:43:44.967Z",
      "user": 1,
      "content_type": 13,
      "object_id": "75",
      "object_repr": "rooms_img/room_12/IMG_20230305_131748.jpg",
      "action_flag": 3,
      "change_message": ""
    }
  },
  {
    "model": "admin.logentry",
    "pk": 33,
    "fields": {
      "action_time": "2023-03-31T10:43:44.977Z",
      "user": 1,
      "content_type": 13,
      "object_id": "76",
      "object_repr": "rooms_img/room_12/IMG_20230305_131935.jpg",
      "action_flag": 3,
      "change_message": ""
    }
  },
  {
    "model": "admin.logentry",
    "pk": 34,
    "fields": {
      "action_time": "2023-03-31T10:43:44.987Z",
      "user": 1,
      "content_type": 13,
      "object_id": "77",
      "object_repr": "rooms_img/room_12/IMG_20230305_132053.jpg",
      "action_flag": 3,
      "change_message": ""
    }
  },
  {
    "model": "admin.logentry",
    "pk": 35,
    "fields": {
      "action_time": "2023-03-31T10:43:44.998Z",
      "user": 1,
      "content_type": 13,
      "object_id": "78",
      "object_repr": "rooms_img/room_12/IMG_20230305_132143.jpg",
      "action_flag": 3,
      "change_message": ""
    }
  },
  {
    "model": "admin.logentry",
    "pk": 36,
    "fields": {
      "action_time": "2023-03-31T10:43:45.006Z",
      "user": 1,
      "content_type": 13,
      "object_id": "79",
      "object_repr": "rooms_img/room_12/IMG_20230305_132237.jpg",
      "action_flag": 3,
      "change_message": ""
    }
  },
  {
    "model": "admin.logentry",
    "pk": 37,
    "fields": {
      "action_time": "2023-03-31T10:43:45.017Z",
      "user": 1,
      "content_type": 13,
      "object_id": "80",
      "object_repr": "rooms_img/room_12/IMG_20230305_132300.jpg",
      "action_flag": 3,
      "change_message": ""
    }
  },
  {
    "model": "admin.logentry",
    "pk": 38,
    "fields": {
      "action_time": "2023-03-31T10:43:45.026Z",
      "user": 1,
      "content_type": 13,
      "object_id": "41",
      "object_repr": "room_photo/de26bb35-726d-4469-8313-a178a3ee4e1c.jpg",
      "action_flag": 3,
      "change_message": ""
    }
  },
  {
    "model": "admin.logentry",
    "pk": 39,
    "fields": {
      "action_time": "2023-03-31T10:43:45.034Z",
      "user": 1,
      "content_type": 13,
      "object_id": "42",
      "object_repr": "room_photo/7cad5766-d459-4c9b-a65c-d78895a9ea53.jpg",
      "action_flag": 3,
      "change_message": ""
    }
  },
  {
    "model": "admin.logentry",
    "pk": 40,
    "fields": {
      "action_time": "2023-03-31T10:43:45.046Z",
      "user": 1,
      "content_type": 13,
      "object_id": "43",
      "object_repr": "room_photo/be7efc72-5b8e-479b-9b89-a6ff9815fc72.jpg",
      "action_flag": 3,
      "change_message": ""
    }
  },
  {
    "model": "admin.logentry",
    "pk": 41,
    "fields": {
      "action_time": "2023-03-31T10:43:45.056Z",
      "user": 1,
      "content_type": 13,
      "object_id": "44",
      "object_repr": "room_photo/bce0d3b5-ea2d-433c-b9ca-255d68d74b01.jpg",
      "action_flag": 3,
      "change_message": ""
    }
  },
  {
    "model": "admin.logentry",
    "pk": 42,
    "fields": {
      "action_time": "2023-03-31T10:43:45.065Z",
      "user": 1,
      "content_type": 13,
      "object_id": "45",
      "object_repr": "room_photo/c36d0e89-c511-4576-a313-eb893451ea51.jpg",
      "action_flag": 3,
      "change_message": ""
    }
  },
  {
    "model": "admin.logentry",
    "pk": 43,
    "fields": {
      "action_time": "2023-03-31T10:43:45.075Z",
      "user": 1,
      "content_type": 13,
      "object_id": "53",
      "object_repr": "rooms_img/room_10/10_title_Ju1hHx5.jpg",
      "action_flag": 3,
      "change_message": ""
    }
  },
  {
    "model": "admin.logentry",
    "pk": 44,
    "fields": {
      "action_time": "2023-03-31T10:43:45.084Z",
      "user": 1,
      "content_type": 13,
      "object_id": "54",
      "object_repr": "rooms_img/room_10/IMG_20230305_140406.jpg",
      "action_flag": 3,
      "change_message": ""
    }
  },
  {
    "model": "admin.logentry",
    "pk": 45,
    "fields": {
      "action_time": "2023-03-31T10:43:45.094Z",
      "user": 1,
      "content_type": 13,
      "object_id": "55",
      "object_repr": "rooms_img/room_10/IMG_20230305_140421.jpg",
      "action_flag": 3,
      "change_message": ""
    }
  },
  {
    "model": "admin.logentry",
    "pk": 46,
    "fields": {
      "action_time": "2023-03-31T10:43:45.104Z",
      "user": 1,
      "content_type": 13,
      "object_id": "56",
      "object_repr": "rooms_img/room_10/IMG_20230305_140526.jpg",
      "action_flag": 3,
      "change_message": ""
    }
  },
  {
    "model": "admin.logentry",
    "pk": 47,
    "fields": {
      "action_time": "2023-03-31T10:43:45.116Z",
      "user": 1,
      "content_type": 13,
      "object_id": "57",
      "object_repr": "rooms_img/room_10/IMG_20230305_140636.jpg",
      "action_flag": 3,
      "change_message": ""
    }
  },
  {
    "model": "admin.logentry",
    "pk": 48,
    "fields": {
      "action_time": "2023-03-31T10:43:45.126Z",
      "user": 1,
      "content_type": 13,
      "object_id": "58",
      "object_repr": "rooms_img/room_10/IMG_20230305_140655.jpg",
      "action_flag": 3,
      "change_message": ""
    }
  },
  {
    "model": "admin.logentry",
    "pk": 49,
    "fields": {
      "action_time": "2023-03-31T10:43:45.136Z",
      "user": 1,
      "content_type": 13,
      "object_id": "59",
      "object_repr": "rooms_img/room_10/IMG_20230305_140810.jpg",
      "action_flag": 3,
      "change_message": ""
    }
  },
  {
    "model": "admin.logentry",
    "pk": 50,
    "fields": {
      "action_time": "2023-03-31T10:43:45.146Z",
      "user": 1,
      "content_type": 13,
      "object_id": "19",
      "object_repr": "rooms_img/room_11/11_title.jpg",
      "action_flag": 3,
      "change_message": ""
    }
  },
  {
    "model": "admin.logentry",
    "pk": 51,
    "fields": {
      "action_time": "2023-03-31T10:43:45.156Z",
      "user": 1,
      "content_type": 13,
      "object_id": "20",
      "object_repr": "rooms_img/room_11/IMG_20230305_142141.jpg",
      "action_flag": 3,
      "change_message": ""
    }
  },
  {
    "model": "admin.logentry",
    "pk": 52,
    "fields": {
      "action_time": "2023-03-31T10:43:45.165Z",
      "user": 1,
      "content_type": 13,
      "object_id": "17",
      "object_repr": "rooms_img/room_11/IMG_20230305_142240.jpg",
      "action_flag": 3,
      "change_message": ""
    }
  },
  {
    "model": "admin.logentry",
    "pk": 53,
    "fields": {
      "action_time": "2023-03-31T10:43:45.175Z",
      "user": 1,
      "content_type": 13,
      "object_id": "18",
      "object_repr": "rooms_img/room_11/IMG_20230305_142351.jpg",
      "action_flag": 3,
      "change_message": ""
    }
  },
  {
    "model": "admin.logentry",
    "pk": 54,
    "fields": {
      "action_time": "2023-03-31T10:43:45.183Z",
      "user": 1,
      "content_type": 13,
      "object_id": "21",
      "object_repr": "rooms_img/room_11/IMG_20230305_142511.jpg",
      "action_flag": 3,
      "change_message": ""
    }
  },
  {
    "model": "admin.logentry",
    "pk": 55,
    "fields": {
      "action_time": "2023-03-31T10:43:45.194Z",
      "user": 1,
      "content_type": 13,
      "object_id": "22",
      "object_repr": "rooms_img/room_11/IMG_20230305_142629.jpg",
      "action_flag": 3,
      "change_message": ""
    }
  },
  {
    "model": "admin.logentry",
    "pk": 56,
    "fields": {
      "action_time": "2023-03-31T10:43:45.203Z",
      "user": 1,
      "content_type": 13,
      "object_id": "23",
      "object_repr": "rooms_img/room_11/IMG_20230305_142754.jpg",
      "action_flag": 3,
      "change_message": ""
    }
  },
  {
    "model": "admin.logentry",
    "pk": 57,
    "fields": {
      "action_time": "2023-03-31T10:43:45.212Z",
      "user": 1,
      "content_type": 13,
      "object_id": "34",
      "object_repr": "rooms_img/room_6/6_title.jpg",
      "action_flag": 3,
      "change_message": ""
    }
  },
  {
    "model": "admin.logentry",
    "pk": 58,
    "fields": {
      "action_time": "2023-03-31T10:43:45.222Z",
      "user": 1,
      "content_type": 13,
      "object_id": "35",
      "object_repr": "rooms_img/room_6/IMG_20230305_135545.jpg",
      "action_flag": 3,
      "change_message": ""
    }
  },
  {
    "model": "admin.logentry",
    "pk": 59,
    "fields": {
      "action_time": "2023-03-31T10:43:45.230Z",
      "user": 1,
      "content_type": 13,
      "object_id": "36",
      "object_repr": "rooms_img/room_6/IMG_20230305_135705.jpg",
      "action_flag": 3,
      "change_message": ""
    }
  },
  {
    "model": "admin.logentry",
    "pk": 60,
    "fields": {
      "action_time": "2023-03-31T10:43:45.240Z",
      "user": 1,
      "content_type": 13,
      "object_id": "37",
      "object_repr": "rooms_img/room_6/IMG_20230305_135756.jpg",
      "action_flag": 3,
      "change_message": ""
    }
  },
  {
    "model": "admin.logentry",
    "pk": 61,
    "fields": {
      "action_time": "2023-03-31T10:43:45.248Z",
      "user": 1,
      "content_type": 13,
      "object_id": "38",
      "object_repr": "rooms_img/room_6/IMG_20230305_135902.jpg",
      "action_flag": 3,
      "change_message": ""
    }
  },
  {
    "model": "admin.logentry",
    "pk": 62,
    "fields": {
      "action_time": "2023-03-31T10:43:45.257Z",
      "user": 1,
      "content_type": 13,
      "object_id": "39",
      "object_repr": "rooms_img/room_6/IMG_20230305_140012.jpg",
      "action_flag": 3,
      "change_message": ""
    }
  },
  {
    "model": "admin.logentry",
    "pk": 63,
    "fields": {
      "action_time": "2023-03-31T10:43:45.266Z",
      "user": 1,
      "content_type": 13,
      "object_id": "40",
      "object_repr": "rooms_img/room_6/IMG_20230305_140103.jpg",
      "action_flag": 3,
      "change_message": ""
    }
  },
  {
    "model": "admin.logentry",
    "pk": 64,
    "fields": {
      "action_time": "2023-03-31T10:43:45.276Z",
      "user": 1,
      "content_type": 13,
      "object_id": "88",
      "object_repr": "rooms_img/room_21/21_title.jpg",
      "action_flag": 3,
      "change_message": ""
    }
  },
  {
    "model": "admin.logentry",
    "pk": 65,
    "fields": {
      "action_time": "2023-03-31T10:43:45.285Z",
      "user": 1,
      "content_type": 13,
      "object_id": "89",
      "object_repr": "rooms_img/room_21/IMG_20230305_145132.jpg",
      "action_flag": 3,
      "change_message": ""
    }
  },
  {
    "model": "admin.logentry",
    "pk": 66,
    "fields": {
      "action_time": "2023-03-31T10:43:45.294Z",
      "user": 1,
      "content_type": 13,
      "object_id": "90",
      "object_repr": "rooms_img/room_21/IMG_20230305_145245.jpg",
      "action_flag": 3,
      "change_message": ""
    }
  },
  {
    "model": "admin.logentry",
    "pk": 67,
    "fields": {
      "action_time": "2023-03-31T10:43:45.303Z",
      "user": 1,
      "content_type": 13,
      "object_id": "91",
      "object_repr": "rooms_img/room_21/IMG_20230305_145307.jpg",
      "action_flag": 3,
      "change_message": ""
    }
  },
  {
    "model": "admin.logentry",
    "pk": 68,
    "fields": {
      "action_time": "2023-03-31T10:43:45.313Z",
      "user": 1,
      "content_type": 13,
      "object_id": "92",
      "object_repr": "rooms_img/room_21/IMG_20230305_145342.jpg",
      "action_flag": 3,
      "change_message": ""
    }
  },
  {
    "model": "admin.logentry",
    "pk": 69,
    "fields": {
      "action_time": "2023-03-31T10:43:45.322Z",
      "user": 1,
      "content_type": 13,
      "object_id": "93",
      "object_repr": "rooms_img/room_21/IMG_20230305_145501.jpg",
      "action_flag": 3,
      "change_message": ""
    }
  },
  {
    "model": "admin.logentry",
    "pk": 70,
    "fields": {
      "action_time": "2023-03-31T10:43:45.330Z",
      "user": 1,
      "content_type": 13,
      "object_id": "94",
      "object_repr": "rooms_img/room_21/IMG_20230305_145705.jpg",
      "action_flag": 3,
      "change_message": ""
    }
  },
  {
    "model": "admin.logentry",
    "pk": 71,
    "fields": {
      "action_time": "2023-03-31T10:43:45.339Z",
      "user": 1,
      "content_type": 13,
      "object_id": "95",
      "object_repr": "room_photo/c6c11235-e789-4085-a891-7e84335c89bd.jpg",
      "action_flag": 3,
      "change_message": ""
    }
  },
  {
    "model": "admin.logentry",
    "pk": 72,
    "fields": {
      "action_time": "2023-03-31T10:43:45.347Z",
      "user": 1,
      "content_type": 13,
      "object_id": "96",
      "object_repr": "room_photo/a90239d7-d9da-40cb-9ecc-db4c33d3839e.jpg",
      "action_flag": 3,
      "change_message": ""
    }
  },
  {
    "model": "admin.logentry",
    "pk": 73,
    "fields": {
      "action_time": "2023-03-31T10:43:45.355Z",
      "user": 1,
      "content_type": 13,
      "object_id": "24",
      "object_repr": "rooms_img/room_5/5_title.jpg",
      "action_flag": 3,
      "change_message": ""
    }
  },
  {
    "model": "admin.logentry",
    "pk": 74,
    "fields": {
      "action_time": "2023-03-31T10:43:45.364Z",
      "user": 1,
      "content_type": 13,
      "object_id": "25",
      "object_repr": "rooms_img/room_5/IMG_20230305_134309.jpg",
      "action_flag": 3,
      "change_message": ""
    }
  },
  {
    "model": "admin.logentry",
    "pk": 75,
    "fields": {
      "action_time": "2023-03-31T10:43:45.374Z",
      "user": 1,
      "content_type": 13,
      "object_id": "26",
      "object_repr": "rooms_img/room_5/IMG_20230305_134615.jpg",
      "action_flag": 3,
      "change_message": ""
    }
  },
  {
    "model": "admin.logentry",
    "pk": 76,
    "fields": {
      "action_time": "2023-03-31T10:43:45.382Z",
      "user": 1,
      "content_type": 13,
      "object_id": "27",
      "object_repr": "rooms_img/room_5/IMG_20230305_134715.jpg",
      "action_flag": 3,
      "change_message": ""
    }
  },
  {
    "model": "admin.logentry",
    "pk": 77,
    "fields": {
      "action_time": "2023-03-31T10:43:45.392Z",
      "user": 1,
      "content_type": 13,
      "object_id": "28",
      "object_repr": "rooms_img/room_5/IMG_20230305_134821.jpg",
      "action_flag": 3,
      "change_message": ""
    }
  },
  {
    "model": "admin.logentry",
    "pk": 78,
    "fields": {
      "action_time": "2023-03-31T10:43:45.398Z",
      "user": 1,
      "content_type": 13,
      "object_id": "29",
      "object_repr": "rooms_img/room_5/IMG_20230305_134921.jpg",
      "action_flag": 3,
      "change_message": ""
    }
  },
  {
    "model": "admin.logentry",
    "pk": 79,
    "fields": {
      "action_time": "2023-03-31T10:43:45.408Z",
      "user": 1,
      "content_type": 13,
      "object_id": "30",
      "object_repr": "rooms_img/room_5/IMG_20230305_135021.jpg",
      "action_flag": 3,
      "change_message": ""
    }
  },
  {
    "model": "admin.logentry",
    "pk": 80,
    "fields": {
      "action_time": "2023-03-31T10:43:45.416Z",
      "user": 1,
      "content_type": 13,
      "object_id": "31",
      "object_repr": "rooms_img/room_5/IMG_20230305_135030.jpg",
      "action_flag": 3,
      "change_message": ""
    }
  },
  {
    "model": "admin.logentry",
    "pk": 81,
    "fields": {
      "action_time": "2023-03-31T10:43:45.425Z",
      "user": 1,
      "content_type": 13,
      "object_id": "32",
      "object_repr": "rooms_img/room_5/IMG_20230305_135123.jpg",
      "action_flag": 3,
      "change_message": ""
    }
  },
  {
    "model": "admin.logentry",
    "pk": 82,
    "fields": {
      "action_time": "2023-03-31T10:43:45.433Z",
      "user": 1,
      "content_type": 13,
      "object_id": "33",
      "object_repr": "rooms_img/room_5/IMG_20230305_135156.jpg",
      "action_flag": 3,
      "change_message": ""
    }
  },
  {
    "model": "admin.logentry",
    "pk": 83,
    "fields": {
      "action_time": "2023-03-31T10:43:45.445Z",
      "user": 1,
      "content_type": 13,
      "object_id": "46",
      "object_repr": "rooms_img/room_8/8_title.jpg",
      "action_flag": 3,
      "change_message": ""
    }
  },
  {
    "model": "admin.logentry",
    "pk": 84,
    "fields": {
      "action_time": "2023-03-31T10:43:45.453Z",
      "user": 1,
      "content_type": 13,
      "object_id": "47",
      "object_repr": "rooms_img/room_8/IMG_20230305_143142.jpg",
      "action_flag": 3,
      "change_message": ""
    }
  },
  {
    "model": "admin.logentry",
    "pk": 85,
    "fields": {
      "action_time": "2023-03-31T10:43:45.461Z",
      "user": 1,
      "content_type": 13,
      "object_id": "48",
      "object_repr": "rooms_img/room_8/IMG_20230305_143233.jpg",
      "action_flag": 3,
      "change_message": ""
    }
  },
  {
    "model": "admin.logentry",
    "pk": 86,
    "fields": {
      "action_time": "2023-03-31T10:43:45.469Z",
      "user": 1,
      "content_type": 13,
      "object_id": "49",
      "object_repr": "rooms_img/room_8/IMG_20230305_143311.jpg",
      "action_flag": 3,
      "change_message": ""
    }
  },
  {
    "model": "admin.logentry",
    "pk": 87,
    "fields": {
      "action_time": "2023-03-31T10:43:45.476Z",
      "user": 1,
      "content_type": 13,
      "object_id": "50",
      "object_repr": "rooms_img/room_8/IMG_20230305_143339.jpg",
      "action_flag": 3,
      "change_message": ""
    }
  },
  {
    "model": "admin.logentry",
    "pk": 88,
    "fields": {
      "action_time": "2023-03-31T10:43:45.485Z",
      "user": 1,
      "content_type": 13,
      "object_id": "51",
      "object_repr": "rooms_img/room_8/IMG_20230305_143436.jpg",
      "action_flag": 3,
      "change_message": ""
    }
  },
  {
    "model": "admin.logentry",
    "pk": 89,
    "fields": {
      "action_time": "2023-03-31T10:43:45.494Z",
      "user": 1,
      "content_type": 13,
      "object_id": "52",
      "object_repr": "rooms_img/room_8/IMG_20230305_143519.jpg",
      "action_flag": 3,
      "change_message": ""
    }
  },
  {
    "model": "admin.logentry",
    "pk": 90,
    "fields": {
      "action_time": "2023-03-31T10:43:45.503Z",
      "user": 1,
      "content_type": 13,
      "object_id": "81",
      "object_repr": "rooms_img/room_14/14_title.jpg",
      "action_flag": 3,
      "change_message": ""
    }
  },
  {
    "model": "admin.logentry",
    "pk": 91,
    "fields": {
      "action_time": "2023-03-31T10:43:45.511Z",
      "user": 1,
      "content_type": 13,
      "object_id": "82",
      "object_repr": "rooms_img/room_14/IMG_20230305_132749.jpg",
      "action_flag": 3,
      "change_message": ""
    }
  },
  {
    "model": "admin.logentry",
    "pk": 92,
    "fields": {
      "action_time": "2023-03-31T10:43:45.519Z",
      "user": 1,
      "content_type": 13,
      "object_id": "83",
      "object_repr": "rooms_img/room_14/IMG_20230305_132826.jpg",
      "action_flag": 3,
      "change_message": ""
    }
  },
  {
    "model": "admin.logentry",
    "pk": 93,
    "fields": {
      "action_time": "2023-03-31T10:43:45.528Z",
      "user": 1,
      "content_type": 13,
      "object_id": "84",
      "object_repr": "rooms_img/room_14/IMG_20230305_132901.jpg",
      "action_flag": 3,
      "change_message": ""
    }
  },
  {
    "model": "admin.logentry",
    "pk": 94,
    "fields": {
      "action_time": "2023-03-31T10:43:45.537Z",
      "user": 1,
      "content_type": 13,
      "object_id": "85",
      "object_repr": "rooms_img/room_14/IMG_20230305_133053.jpg",
      "action_flag": 3,
      "change_message": ""
    }
  },
  {
    "model": "admin.logentry",
    "pk": 95,
    "fields": {
      "action_time": "2023-03-31T10:43:45.547Z",
      "user": 1,
      "content_type": 13,
      "object_id": "86",
      "object_repr": "rooms_img/room_14/IMG_20230305_133123.jpg",
      "action_flag": 3,
      "change_message": ""
    }
  },
  {
    "model": "admin.logentry",
    "pk": 96,
    "fields": {
      "action_time": "2023-03-31T10:43:45.555Z",
      "user": 1,
      "content_type": 13,
      "object_id": "87",
      "object_repr": "room_photo/da8f0d92-d3c0-43d0-924d-c6f9a966389b.jpg",
      "action_flag": 3,
      "change_message": ""
    }
  },
  {
    "model": "admin.logentry",
    "pk": 97,
    "fields": {
      "action_time": "2023-03-31T10:43:45.565Z",
      "user": 1,
      "content_type": 13,
      "object_id": "112",
      "object_repr": "rooms_img/room_15/15_title.jpg",
      "action_flag": 3,
      "change_message": ""
    }
  },
  {
    "model": "admin.logentry",
    "pk": 98,
    "fields": {
      "action_time": "2023-03-31T10:43:45.575Z",
      "user": 1,
      "content_type": 13,
      "object_id": "113",
      "object_repr": "rooms_img/room_15/IMG_20230305_133731.jpg",
      "action_flag": 3,
      "change_message": ""
    }
  },
  {
    "model": "admin.logentry",
    "pk": 99,
    "fields": {
      "action_time": "2023-03-31T10:43:45.582Z",
      "user": 1,
      "content_type": 13,
      "object_id": "114",
      "object_repr": "rooms_img/room_15/IMG_20230305_133832.jpg",
      "action_flag": 3,
      "change_message": ""
    }
  },
  {
    "model": "admin.logentry",
    "pk": 100,
    "fields": {
      "action_time": "2023-03-31T10:43:45.593Z",
      "user": 1,
      "content_type": 13,
      "object_id": "115",
      "object_repr": "rooms_img/room_15/IMG_20230305_133504.jpg",
      "action_flag": 3,
      "change_message": ""
    }
  },
  {
    "model": "admin.logentry",
    "pk": 101,
    "fields": {
      "action_time": "2023-03-31T10:43:45.601Z",
      "user": 1,
      "content_type": 13,
      "object_id": "116",
      "object_repr": "rooms_img/room_15/IMG_20230305_133411.jpg",
      "action_flag": 3,
      "change_message": ""
    }
  },
  {
    "model": "admin.logentry",
    "pk": 102,
    "fields": {
      "action_time": "2023-03-31T10:43:45.609Z",
      "user": 1,
      "content_type": 13,
      "object_id": "117",
      "object_repr": "rooms_img/room_15/IMG_20230305_133430.jpg",
      "action_flag": 3,
      "change_message": ""
    }
  },
  {
    "model": "admin.logentry",
    "pk": 103,
    "fields": {
      "action_time": "2023-03-31T10:43:45.617Z",
      "user": 1,
      "content_type": 13,
      "object_id": "118",
      "object_repr": "room_photo/a5e71312-daa4-4ca5-a3e7-d14b2c315742.jpg",
      "action_flag": 3,
      "change_message": ""
    }
  },
  {
    "model": "admin.logentry",
    "pk": 104,
    "fields": {
      "action_time": "2023-03-31T10:43:45.627Z",
      "user": 1,
      "content_type": 13,
      "object_id": "97",
      "object_repr": "rooms_img/room_23/23_title.jpg",
      "action_flag": 3,
      "change_message": ""
    }
  },
  {
    "model": "admin.logentry",
    "pk": 105,
    "fields": {
      "action_time": "2023-03-31T10:43:45.637Z",
      "user": 1,
      "content_type": 13,
      "object_id": "98",
      "object_repr": "rooms_img/room_23/IMG_20230305_144009.jpg",
      "action_flag": 3,
      "change_message": ""
    }
  },
  {
    "model": "admin.logentry",
    "pk": 106,
    "fields": {
      "action_time": "2023-03-31T10:43:45.646Z",
      "user": 1,
      "content_type": 13,
      "object_id": "99",
      "object_repr": "rooms_img/room_23/IMG_20230305_144017.jpg",
      "action_flag": 3,
      "change_message": ""
    }
  },
  {
    "model": "admin.logentry",
    "pk": 107,
    "fields": {
      "action_time": "2023-03-31T10:43:45.655Z",
      "user": 1,
      "content_type": 13,
      "object_id": "100",
      "object_repr": "rooms_img/room_23/IMG_20230305_144040.jpg",
      "action_flag": 3,
      "change_message": ""
    }
  },
  {
    "model": "admin.logentry",
    "pk": 108,
    "fields": {
      "action_time": "2023-03-31T10:43:45.663Z",
      "user": 1,
      "content_type": 13,
      "object_id": "101",
      "object_repr": "rooms_img/room_23/IMG_20230305_144153.jpg",
      "action_flag": 3,
      "change_message": ""
    }
  },
  {
    "model": "admin.logentry",
    "pk": 109,
    "fields": {
      "action_time": "2023-03-31T10:43:45.671Z",
      "user": 1,
      "content_type": 13,
      "object_id": "102",
      "object_repr": "rooms_img/room_23/IMG_20230305_144229.jpg",
      "action_flag": 3,
      "change_message": ""
    }
  },
  {
    "model": "admin.logentry",
    "pk": 110,
    "fields": {
      "action_time": "2023-03-31T10:43:45.678Z",
      "user": 1,
      "content_type": 13,
      "object_id": "103",
      "object_repr": "room_photo/0d935a1e-ed5e-42da-815d-043401ef9ae9.jpg",
      "action_flag": 3,
      "change_message": ""
    }
  },
  {
    "model": "admin.logentry",
    "pk": 111,
    "fields": {
      "action_time": "2023-03-31T10:43:45.688Z",
      "user": 1,
      "content_type": 13,
      "object_id": "104",
      "object_repr": "room_photo/dbae0c8b-625b-4208-8a4f-4df471942d87.jpg",
      "action_flag": 3,
      "change_message": ""
    }
  },
  {
    "model": "admin.logentry",
    "pk": 112,
    "fields": {
      "action_time": "2023-03-31T10:43:45.697Z",
      "user": 1,
      "content_type": 13,
      "object_id": "105",
      "object_repr": "rooms_img/room_24/24_title.jpg",
      "action_flag": 3,
      "change_message": ""
    }
  },
  {
    "model": "admin.logentry",
    "pk": 113,
    "fields": {
      "action_time": "2023-03-31T10:43:45.706Z",
      "user": 1,
      "content_type": 13,
      "object_id": "106",
      "object_repr": "rooms_img/room_24/IMG_20230305_144553.jpg",
      "action_flag": 3,
      "change_message": ""
    }
  },
  {
    "model": "admin.logentry",
    "pk": 114,
    "fields": {
      "action_time": "2023-03-31T10:43:45.714Z",
      "user": 1,
      "content_type": 13,
      "object_id": "107",
      "object_repr": "rooms_img/room_24/IMG_20230305_144631.jpg",
      "action_flag": 3,
      "change_message": ""
    }
  },
  {
    "model": "admin.logentry",
    "pk": 115,
    "fields": {
      "action_time": "2023-03-31T10:43:45.723Z",
      "user": 1,
      "content_type": 13,
      "object_id": "108",
      "object_repr": "rooms_img/room_24/IMG_20230305_144708.jpg",
      "action_flag": 3,
      "change_message": ""
    }
  },
  {
    "model": "admin.logentry",
    "pk": 116,
    "fields": {
      "action_time": "2023-03-31T10:43:45.730Z",
      "user": 1,
      "content_type": 13,
      "object_id": "109",
      "object_repr": "rooms_img/room_24/IMG_20230305_144809.jpg",
      "action_flag": 3,
      "change_message": ""
    }
  },
  {
    "model": "admin.logentry",
    "pk": 117,
    "fields": {
      "action_time": "2023-03-31T10:43:57.805Z",
      "user": 1,
      "content_type": 13,
      "object_id": "110",
      "object_repr": "rooms_img/room_24/IMG_20230305_144829.jpg",
      "action_flag": 3,
      "change_message": ""
    }
  },
  {
    "model": "admin.logentry",
    "pk": 118,
    "fields": {
      "action_time": "2023-03-31T10:43:57.814Z",
      "user": 1,
      "content_type": 13,
      "object_id": "111",
      "object_repr": "rooms_img/room_24/IMG_20230305_144916.jpg",
      "action_flag": 3,
      "change_message": ""
    }
  },
  {
    "model": "admin.logentry",
    "pk": 119,
    "fields": {
      "action_time": "2023-03-31T10:46:48.302Z",
      "user": 1,
      "content_type": 12,
      "object_id": "7",
      "object_repr": "25 | Номер в окремому будиночку, 2 поверх",
      "action_flag": 2,
      "change_message": "[{\"changed\": {\"fields\": [\"Persons\", \"Price\", \"Price 1person\", \"Price 2person\", \"Price 3person\", \"Category\", \"Title photo\"]}}]"
    }
  },
  {
    "model": "admin.logentry",
    "pk": 120,
    "fields": {
      "action_time": "2023-03-31T10:48:15.579Z",
      "user": 1,
      "content_type": 12,
      "object_id": "8",
      "object_repr": "12 | Номер в окремому будиночку, 1 поверх",
      "action_flag": 2,
      "change_message": "[{\"changed\": {\"fields\": [\"Price\", \"Price 2person\", \"Price pets\", \"Title photo\"]}}]"
    }
  },
  {
    "model": "admin.logentry",
    "pk": 121,
    "fields": {
      "action_time": "2023-03-31T10:49:27.201Z",
      "user": 1,
      "content_type": 12,
      "object_id": "11",
      "object_repr": "7 | Двомісний номер, 2 поверх, східна сторона",
      "action_flag": 2,
      "change_message": "[{\"changed\": {\"fields\": [\"Price\", \"Price 1person\", \"Category\", \"Title photo\"]}}]"
    }
  },
  {
    "model": "admin.logentry",
    "pk": 122,
    "fields": {
      "action_time": "2023-03-31T10:49:49.923Z",
      "user": 1,
      "content_type": 12,
      "object_id": "13",
      "object_repr": "10 | Затишний 2-місний номер із лоджією",
      "action_flag": 2,
      "change_message": "[{\"changed\": {\"fields\": [\"Price\", \"Price 1person\", \"Title photo\"]}}]"
    }
  },
  {
    "model": "admin.logentry",
    "pk": 123,
    "fields": {
      "action_time": "2023-03-31T10:50:22.053Z",
      "user": 1,
      "content_type": 12,
      "object_id": "14",
      "object_repr": "11 | Двомісний напівлюкс із кухнею-лоджією",
      "action_flag": 2,
      "change_message": "[{\"changed\": {\"fields\": [\"Price\", \"Price 1person\", \"Title photo\"]}}]"
    }
  },
  {
    "model": "admin.logentry",
    "pk": 124,
    "fields": {
      "action_time": "2023-03-31T10:51:20.121Z",
      "user": 1,
      "content_type": 12,
      "object_id": "10",
      "object_repr": "6 | Тримісний двокімнатний номер 2",
      "action_flag": 2,
      "change_message": "[{\"changed\": {\"fields\": [\"Price 1person\", \"Price 2person\", \"Price 3person\", \"Category\", \"Title photo\"]}}]"
    }
  },
  {
    "model": "admin.logentry",
    "pk": 125,
    "fields": {
      "action_time": "2023-03-31T10:51:48.132Z",
      "user": 1,
      "content_type": 12,
      "object_id": "7",
      "object_repr": "25 | Номер в окремому будиночку, 2 поверх",
      "action_flag": 2,
      "change_message": "[{\"changed\": {\"fields\": [\"Price\", \"Price 1person\", \"Price 2person\", \"Price 3person\"]}}]"
    }
  },
  {
    "model": "admin.logentry",
    "pk": 126,
    "fields": {
      "action_time": "2023-03-31T10:52:13.325Z",
      "user": 1,
      "content_type": 12,
      "object_id": "8",
      "object_repr": "12 | Номер в окремому будиночку, 1 поверх",
      "action_flag": 2,
      "change_message": "[{\"changed\": {\"fields\": [\"Price\", \"Price 1person\", \"Price 2person\"]}}]"
    }
  },
  {
    "model": "admin.logentry",
    "pk": 127,
    "fields": {
      "action_time": "2023-03-31T10:52:57.996Z",
      "user": 1,
      "content_type": 12,
      "object_id": "10",
      "object_repr": "6 | Тримісний двокімнатний номер 2",
      "action_flag": 2,
      "change_message": "[{\"changed\": {\"fields\": [\"Persons\", \"Price\"]}}]"
    }
  },
  {
    "model": "admin.logentry",
    "pk": 128,
    "fields": {
      "action_time": "2023-03-31T10:55:53.979Z",
      "user": 1,
      "content_type": 12,
      "object_id": "17",
      "object_repr": "21 | Двомісний номер із панорамним вікном на 3 поверсі",
      "action_flag": 2,
      "change_message": "[{\"changed\": {\"fields\": [\"Price\", \"Price 1person\", \"Title photo\"]}}]"
    }
  },
  {
    "model": "admin.logentry",
    "pk": 129,
    "fields": {
      "action_time": "2023-03-31T10:57:15.121Z",
      "user": 1,
      "content_type": 12,
      "object_id": "9",
      "object_repr": "5 | Чотиримісний двокімнатний номер 1",
      "action_flag": 2,
      "change_message": "[{\"changed\": {\"fields\": [\"Title\", \"Persons\", \"Price 1person\", \"Price 2person\", \"Price 3person\", \"Category\", \"Title photo\"]}}]"
    }
  },
  {
    "model": "admin.logentry",
    "pk": 130,
    "fields": {
      "action_time": "2023-03-31T10:58:06.850Z",
      "user": 1,
      "content_type": 12,
      "object_id": "10",
      "object_repr": "6 | Чотиримісний двокімнатний номер 2",
      "action_flag": 2,
      "change_message": "[{\"changed\": {\"fields\": [\"Title\"]}}]"
    }
  },
  {
    "model": "admin.logentry",
    "pk": 131,
    "fields": {
      "action_time": "2023-03-31T10:58:46.178Z",
      "user": 1,
      "content_type": 12,
      "object_id": "15",
      "object_repr": "8 | Двомісний номер з односпальними ліжками",
      "action_flag": 2,
      "change_message": "[{\"changed\": {\"fields\": [\"Price\", \"Price 1person\", \"Title photo\"]}}]"
    }
  },
  {
    "model": "admin.logentry",
    "pk": 132,
    "fields": {
      "action_time": "2023-03-31T10:59:21.873Z",
      "user": 1,
      "content_type": 12,
      "object_id": "16",
      "object_repr": "14 | Тримісний номер (2+1) на 1 поверсі",
      "action_flag": 2,
      "change_message": "[{\"changed\": {\"fields\": [\"Price 1person\", \"Price 2person\", \"Title photo\"]}}]"
    }
  },
  {
    "model": "admin.logentry",
    "pk": 133,
    "fields": {
      "action_time": "2023-03-31T11:00:16.119Z",
      "user": 1,
      "content_type": 12,
      "object_id": "20",
      "object_repr": "17 | 4-місний номер з окремими ліжками",
      "action_flag": 2,
      "change_message": "[{\"changed\": {\"fields\": [\"Inn number\"]}}]"
    }
  },
  {
    "model": "admin.logentry",
    "pk": 134,
    "fields": {
      "action_time": "2023-03-31T11:01:20.234Z",
      "user": 1,
      "content_type": 12,
      "object_id": "20",
      "object_repr": "17 | 4-місний номер з окремими ліжками",
      "action_flag": 2,
      "change_message": "[{\"changed\": {\"fields\": [\"Price\", \"Price 1person\", \"Price 3person\", \"Title photo\"]}}]"
    }
  },
  {
    "model": "admin.logentry",
    "pk": 135,
    "fields": {
      "action_time": "2023-03-31T11:02:33.601Z",
      "user": 1,
      "content_type": 12,
      "object_id": "18",
      "object_repr": "23 | Двомісний номер на східній стороні на 3 поверсі",
      "action_flag": 2,
      "change_message": "[{\"changed\": {\"fields\": [\"Price\", \"Price 1person\", \"Title photo\"]}}]"
    }
  },
  {
    "model": "admin.logentry",
    "pk": 136,
    "fields": {
      "action_time": "2023-03-31T11:03:16.415Z",
      "user": 1,
      "content_type": 12,
      "object_id": "19",
      "object_repr": "24 | Двомісний номер на 3 поверсі",
      "action_flag": 2,
      "change_message": "[{\"changed\": {\"fields\": [\"Price\", \"Price 1person\", \"Title photo\"]}}]"
    }
  },
  {
    "model": "admin.logentry",
    "pk": 137,
    "fields": {
      "action_time": "2023-03-31T11:03:31.485Z",
      "user": 1,
      "content_type": 12,
      "object_id": "20",
      "object_repr": "17 | 4-місний номер з окремими ліжками",
      "action_flag": 2,
      "change_message": "[{\"changed\": {\"fields\": [\"Position\"]}}]"
    }
  },
  {
    "model": "admin.logentry",
    "pk": 138,
    "fields": {
      "action_time": "2023-03-31T11:04:09.617Z",
      "user": 1,
      "content_type": 11,
      "object_id": "7",
      "object_repr": "варве: 0984046578",
      "action_flag": 3,
      "change_message": ""
    }
  },
  {
    "model": "admin.logentry",
    "pk": 139,
    "fields": {
      "action_time": "2023-03-31T11:04:09.627Z",
      "user": 1,
      "content_type": 11,
      "object_id": "2",
      "object_repr": "апвеп: 0984045656",
      "action_flag": 3,
      "change_message": ""
    }
  },
  {
    "model": "admin.logentry",
    "pk": 140,
    "fields": {
      "action_time": "2023-03-31T11:04:09.635Z",
      "user": 1,
      "content_type": 11,
      "object_id": "1",
      "object_repr": "олекса: 0984045656",
      "action_flag": 3,
      "change_message": ""
    }
  },
  {
    "model": "admin.logentry",
    "pk": 141,
    "fields": {
      "action_time": "2023-03-31T11:04:09.646Z",
      "user": 1,
      "content_type": 11,
      "object_id": "6",
      "object_repr": "ьппь: 0665554466",
      "action_flag": 3,
      "change_message": ""
    }
  },
  {
    "model": "admin.logentry",
    "pk": 142,
    "fields": {
      "action_time": "2023-03-31T11:04:09.654Z",
      "user": 1,
      "content_type": 11,
      "object_id": "5",
      "object_repr": "паорен: 0985556644",
      "action_flag": 3,
      "change_message": ""
    }
  },
  {
    "model": "admin.logentry",
    "pk": 143,
    "fields": {
      "action_time": "2023-03-31T11:04:09.663Z",
      "user": 1,
      "content_type": 11,
      "object_id": "4",
      "object_repr": "ольга: 0674448889",
      "action_flag": 3,
      "change_message": ""
    }
  },
  {
    "model": "admin.logentry",
    "pk": 144,
    "fields": {
      "action_time": "2023-03-31T11:04:09.669Z",
      "user": 1,
      "content_type": 11,
      "object_id": "3",
      "object_repr": "ольга: 0674448889",
      "action_flag": 3,
      "change_message": ""
    }
  },
  {
    "model": "admin.logentry",
    "pk": 145,
    "fields": {
      "action_time": "2023-03-31T12:17:19.828Z",
      "user": 1,
      "content_type": 12,
      "object_id": "7",
      "object_repr": "25 | Номер в окремому будиночку, 2 поверх",
      "action_flag": 2,
      "change_message": "[{\"changed\": {\"fields\": [\"Title photo\"]}}, {\"added\": {\"name\": \"room photo\", \"object\": \"rooms_img/room_25/25_title_e37K4wV.jpg\"}}, {\"added\": {\"name\": \"room photo\", \"object\": \"rooms_img/room_25/IMG_20230305_125822.jpg\"}}, {\"added\": {\"name\": \"room photo\", \"object\": \"rooms_img/room_25/IMG_20230305_125902.jpg\"}}, {\"added\": {\"name\": \"room photo\", \"object\": \"rooms_img/room_25/IMG_20230305_125928.jpg\"}}, {\"added\": {\"name\": \"room photo\", \"object\": \"rooms_img/room_25/IMG_20230305_130104.jpg\"}}, {\"added\": {\"name\": \"room photo\", \"object\": \"rooms_img/room_25/IMG_20230305_130317.jpg\"}}, {\"added\": {\"name\": \"room photo\", \"object\": \"rooms_img/room_25/IMG_20230305_130416.jpg\"}}, {\"added\": {\"name\": \"room photo\", \"object\": \"rooms_img/room_25/IMG_20230305_130627.jpg\"}}, {\"added\": {\"name\": \"room photo\", \"object\": \"rooms_img/room_25/IMG_20230305_130748.jpg\"}}, {\"added\": {\"name\": \"room photo\", \"object\": \"rooms_img/room_25/IMG_20230305_130828.jpg\"}}]"
    }
  },
  {
    "model": "admin.logentry",
    "pk": 146,
    "fields": {
      "action_time": "2023-03-31T12:22:06.365Z",
      "user": 1,
      "content_type": 12,
      "object_id": "8",
      "object_repr": "12 | Номер в окремому будиночку, 1 поверх",
      "action_flag": 2,
      "change_message": "[{\"changed\": {\"fields\": [\"Title photo\"]}}, {\"added\": {\"name\": \"room photo\", \"object\": \"rooms_img/room_12/12_title_OypxTG5.jpg\"}}, {\"added\": {\"name\": \"room photo\", \"object\": \"rooms_img/room_12/IMG_20230305_131258.jpg\"}}, {\"added\": {\"name\": \"room photo\", \"object\": \"rooms_img/room_12/IMG_20230305_131356.jpg\"}}, {\"added\": {\"name\": \"room photo\", \"object\": \"rooms_img/room_12/IMG_20230305_131441.jpg\"}}, {\"added\": {\"name\": \"room photo\", \"object\": \"rooms_img/room_12/IMG_20230305_131715.jpg\"}}, {\"added\": {\"name\": \"room photo\", \"object\": \"rooms_img/room_12/IMG_20230305_131748.jpg\"}}, {\"added\": {\"name\": \"room photo\", \"object\": \"rooms_img/room_12/IMG_20230305_131935.jpg\"}}, {\"added\": {\"name\": \"room photo\", \"object\": \"rooms_img/room_12/IMG_20230305_132053.jpg\"}}, {\"added\": {\"name\": \"room photo\", \"object\": \"rooms_img/room_12/IMG_20230305_132143.jpg\"}}, {\"added\": {\"name\": \"room photo\", \"object\": \"rooms_img/room_12/IMG_20230305_132237.jpg\"}}, {\"added\": {\"name\": \"room photo\", \"object\": \"rooms_img/room_12/IMG_20230305_132300.jpg\"}}]"
    }
  },
  {
    "model": "admin.logentry",
    "pk": 147,
    "fields": {
      "action_time": "2023-03-31T12:25:16.979Z",
      "user": 1,
      "content_type": 12,
      "object_id": "11",
      "object_repr": "7 | Двомісний номер, 2 поверх, східна сторона",
      "action_flag": 2,
      "change_message": "[{\"changed\": {\"fields\": [\"Title photo\"]}}, {\"added\": {\"name\": \"room photo\", \"object\": \"rooms_img/room_7/7_title_OnZrxd5.jpg\"}}, {\"added\": {\"name\": \"room photo\", \"object\": \"rooms_img/room_7/IMG_20230305_141455.jpg\"}}, {\"added\": {\"name\": \"room photo\", \"object\": \"rooms_img/room_7/IMG_20230305_141536.jpg\"}}, {\"added\": {\"name\": \"room photo\", \"object\": \"rooms_img/room_7/IMG_20230305_141645.jpg\"}}]"
    }
  },
  {
    "model": "admin.logentry",
    "pk": 148,
    "fields": {
      "action_time": "2023-03-31T12:26:51.683Z",
      "user": 1,
      "content_type": 12,
      "object_id": "13",
      "object_repr": "10 | Затишний 2-місний номер із лоджією",
      "action_flag": 2,
      "change_message": "[{\"changed\": {\"fields\": [\"Title photo\"]}}, {\"added\": {\"name\": \"room photo\", \"object\": \"rooms_img/room_10/10_title_adaaKBP.jpg\"}}, {\"added\": {\"name\": \"room photo\", \"object\": \"rooms_img/room_10/IMG_20230305_140406.jpg\"}}, {\"added\": {\"name\": \"room photo\", \"object\": \"rooms_img/room_10/IMG_20230305_140421.jpg\"}}, {\"added\": {\"name\": \"room photo\", \"object\": \"rooms_img/room_10/IMG_20230305_140526.jpg\"}}, {\"added\": {\"name\": \"room photo\", \"object\": \"rooms_img/room_10/IMG_20230305_140636.jpg\"}}, {\"added\": {\"name\": \"room photo\", \"object\": \"rooms_img/room_10/IMG_20230305_140655.jpg\"}}, {\"added\": {\"name\": \"room photo\", \"object\": \"rooms_img/room_10/IMG_20230305_140810.jpg\"}}]"
    }
  },
  {
    "model": "admin.logentry",
    "pk": 149,
    "fields": {
      "action_time": "2023-03-31T12:27:53.782Z",
      "user": 1,
      "content_type": 12,
      "object_id": "14",
      "object_repr": "11 | Двомісний напівлюкс із кухнею-лоджією",
      "action_flag": 2,
      "change_message": "[{\"changed\": {\"fields\": [\"Title photo\"]}}, {\"added\": {\"name\": \"room photo\", \"object\": \"rooms_img/room_11/11_title_mibSKEG.jpg\"}}, {\"added\": {\"name\": \"room photo\", \"object\": \"rooms_img/room_11/IMG_20230305_142141.jpg\"}}, {\"added\": {\"name\": \"room photo\", \"object\": \"rooms_img/room_11/IMG_20230305_142240.jpg\"}}, {\"added\": {\"name\": \"room photo\", \"object\": \"rooms_img/room_11/IMG_20230305_142351.jpg\"}}, {\"added\": {\"name\": \"room photo\", \"object\": \"rooms_img/room_11/IMG_20230305_142511.jpg\"}}, {\"added\": {\"name\": \"room photo\", \"object\": \"rooms_img/room_11/IMG_20230305_142629.jpg\"}}, {\"added\": {\"name\": \"room photo\", \"object\": \"rooms_img/room_11/IMG_20230305_142754.jpg\"}}]"
    }
  },
  {
    "model": "admin.logentry",
    "pk": 150,
    "fields": {
      "action_time": "2023-03-31T12:29:00.390Z",
      "user": 1,
      "content_type": 12,
      "object_id": "10",
      "object_repr": "6 | Чотиримісний двокімнатний номер 2",
      "action_flag": 2,
      "change_message": "[{\"changed\": {\"fields\": [\"Title photo\"]}}, {\"added\": {\"name\": \"room photo\", \"object\": \"rooms_img/room_6/6_title_v4CiCAn.jpg\"}}, {\"added\": {\"name\": \"room photo\", \"object\": \"rooms_img/room_6/IMG_20230305_135545.jpg\"}}, {\"added\": {\"name\": \"room photo\", \"object\": \"rooms_img/room_6/IMG_20230305_135705.jpg\"}}, {\"added\": {\"name\": \"room photo\", \"object\": \"rooms_img/room_6/IMG_20230305_135756.jpg\"}}, {\"added\": {\"name\": \"room photo\", \"object\": \"rooms_img/room_6/IMG_20230305_135902.jpg\"}}, {\"added\": {\"name\": \"room photo\", \"object\": \"rooms_img/room_6/IMG_20230305_140012.jpg\"}}, {\"added\": {\"name\": \"room photo\", \"object\": \"rooms_img/room_6/IMG_20230305_140103.jpg\"}}]"
    }
  },
  {
    "model": "admin.logentry",
    "pk": 151,
    "fields": {
      "action_time": "2023-03-31T12:30:03.146Z",
      "user": 1,
      "content_type": 12,
      "object_id": "17",
      "object_repr": "21 | Двомісний номер із панорамним вікном на 3 поверсі",
      "action_flag": 2,
      "change_message": "[{\"changed\": {\"fields\": [\"Title photo\"]}}, {\"added\": {\"name\": \"room photo\", \"object\": \"rooms_img/room_21/21_title_NHmXOWE.jpg\"}}, {\"added\": {\"name\": \"room photo\", \"object\": \"rooms_img/room_21/IMG_20230305_145132.jpg\"}}, {\"added\": {\"name\": \"room photo\", \"object\": \"rooms_img/room_21/IMG_20230305_145245.jpg\"}}, {\"added\": {\"name\": \"room photo\", \"object\": \"rooms_img/room_21/IMG_20230305_145342.jpg\"}}, {\"added\": {\"name\": \"room photo\", \"object\": \"rooms_img/room_21/IMG_20230305_145501.jpg\"}}, {\"added\": {\"name\": \"room photo\", \"object\": \"rooms_img/room_21/IMG_20230305_145705.jpg\"}}]"
    }
  },
  {
    "model": "admin.logentry",
    "pk": 152,
    "fields": {
      "action_time": "2023-03-31T12:31:32.573Z",
      "user": 1,
      "content_type": 12,
      "object_id": "9",
      "object_repr": "5 | Чотиримісний двокімнатний номер 1",
      "action_flag": 2,
      "change_message": "[{\"changed\": {\"fields\": [\"Title photo\"]}}, {\"added\": {\"name\": \"room photo\", \"object\": \"rooms_img/room_5/5_title_CVbDCpW.jpg\"}}, {\"added\": {\"name\": \"room photo\", \"object\": \"rooms_img/room_5/IMG_20230305_134309.jpg\"}}, {\"added\": {\"name\": \"room photo\", \"object\": \"rooms_img/room_5/IMG_20230305_134615.jpg\"}}, {\"added\": {\"name\": \"room photo\", \"object\": \"rooms_img/room_5/IMG_20230305_134821.jpg\"}}, {\"added\": {\"name\": \"room photo\", \"object\": \"rooms_img/room_5/IMG_20230305_134921.jpg\"}}, {\"added\": {\"name\": \"room photo\", \"object\": \"rooms_img/room_5/IMG_20230305_135021.jpg\"}}, {\"added\": {\"name\": \"room photo\", \"object\": \"rooms_img/room_5/IMG_20230305_135030.jpg\"}}, {\"added\": {\"name\": \"room photo\", \"object\": \"rooms_img/room_5/IMG_20230305_135123.jpg\"}}, {\"added\": {\"name\": \"room photo\", \"object\": \"rooms_img/room_5/IMG_20230305_135156.jpg\"}}]"
    }
  },
  {
    "model": "admin.logentry",
    "pk": 153,
    "fields": {
      "action_time": "2023-03-31T12:32:52.809Z",
      "user": 1,
      "content_type": 12,
      "object_id": "15",
      "object_repr": "8 | Двомісний номер з односпальними ліжками",
      "action_flag": 2,
      "change_message": "[{\"changed\": {\"fields\": [\"Desc\", \"Title photo\"]}}, {\"added\": {\"name\": \"room photo\", \"object\": \"rooms_img/room_8/8_title_ANlAEuE.jpg\"}}, {\"added\": {\"name\": \"room photo\", \"object\": \"rooms_img/room_8/IMG_20230305_143142.jpg\"}}, {\"added\": {\"name\": \"room photo\", \"object\": \"rooms_img/room_8/IMG_20230305_143233.jpg\"}}, {\"added\": {\"name\": \"room photo\", \"object\": \"rooms_img/room_8/IMG_20230305_143311.jpg\"}}, {\"added\": {\"name\": \"room photo\", \"object\": \"rooms_img/room_8/IMG_20230305_143339.jpg\"}}, {\"added\": {\"name\": \"room photo\", \"object\": \"rooms_img/room_8/IMG_20230305_143436.jpg\"}}, {\"added\": {\"name\": \"room photo\", \"object\": \"rooms_img/room_8/IMG_20230305_143519.jpg\"}}]"
    }
  },
  {
    "model": "admin.logentry",
    "pk": 154,
    "fields": {
      "action_time": "2023-03-31T12:33:49.822Z",
      "user": 1,
      "content_type": 12,
      "object_id": "16",
      "object_repr": "14 | Тримісний номер (2+1) на 1 поверсі",
      "action_flag": 2,
      "change_message": "[{\"changed\": {\"fields\": [\"Desc\", \"Title photo\"]}}, {\"added\": {\"name\": \"room photo\", \"object\": \"rooms_img/room_14/14_title_G3at08Q.jpg\"}}, {\"added\": {\"name\": \"room photo\", \"object\": \"rooms_img/room_14/IMG_20230305_132749.jpg\"}}, {\"added\": {\"name\": \"room photo\", \"object\": \"rooms_img/room_14/IMG_20230305_132826.jpg\"}}, {\"added\": {\"name\": \"room photo\", \"object\": \"rooms_img/room_14/IMG_20230305_132901.jpg\"}}, {\"added\": {\"name\": \"room photo\", \"object\": \"rooms_img/room_14/IMG_20230305_133053.jpg\"}}, {\"added\": {\"name\": \"room photo\", \"object\": \"rooms_img/room_14/IMG_20230305_133123.jpg\"}}]"
    }
  },
  {
    "model": "admin.logentry",
    "pk": 155,
    "fields": {
      "action_time": "2023-03-31T12:34:38.881Z",
      "user": 1,
      "content_type": 12,
      "object_id": "18",
      "object_repr": "23 | Двомісний номер на східній стороні на 3 поверсі",
      "action_flag": 2,
      "change_message": "[{\"changed\": {\"fields\": [\"Title photo\"]}}, {\"added\": {\"name\": \"room photo\", \"object\": \"rooms_img/room_23/23_title_45AHJxe.jpg\"}}, {\"added\": {\"name\": \"room photo\", \"object\": \"rooms_img/room_23/IMG_20230305_144009.jpg\"}}, {\"added\": {\"name\": \"room photo\", \"object\": \"rooms_img/room_23/IMG_20230305_144017.jpg\"}}, {\"added\": {\"name\": \"room photo\", \"object\": \"rooms_img/room_23/IMG_20230305_144040.jpg\"}}, {\"added\": {\"name\": \"room photo\", \"object\": \"rooms_img/room_23/IMG_20230305_144153.jpg\"}}, {\"added\": {\"name\": \"room photo\", \"object\": \"rooms_img/room_23/IMG_20230305_144229.jpg\"}}]"
    }
  },
  {
    "model": "admin.logentry",
    "pk": 156,
    "fields": {
      "action_time": "2023-03-31T12:35:01.206Z",
      "user": 1,
      "content_type": 12,
      "object_id": "18",
      "object_repr": "23 | Двомісний номер на східній стороні на 3 поверсі",
      "action_flag": 2,
      "change_message": "[{\"changed\": {\"fields\": [\"Desc\"]}}]"
    }
  },
  {
    "model": "admin.logentry",
    "pk": 157,
    "fields": {
      "action_time": "2023-03-31T12:36:41.379Z",
      "user": 1,
      "content_type": 12,
      "object_id": "19",
      "object_repr": "24 | Двомісний номер на 3 поверсі",
      "action_flag": 2,
      "change_message": "[{\"changed\": {\"fields\": [\"Desc\", \"Title photo\"]}}, {\"added\": {\"name\": \"room photo\", \"object\": \"rooms_img/room_24/24_title_y2hy6dj.jpg\"}}, {\"added\": {\"name\": \"room photo\", \"object\": \"rooms_img/room_24/IMG_20230305_144553.jpg\"}}, {\"added\": {\"name\": \"room photo\", \"object\": \"rooms_img/room_24/IMG_20230305_144631.jpg\"}}, {\"added\": {\"name\": \"room photo\", \"object\": \"rooms_img/room_24/IMG_20230305_144708.jpg\"}}, {\"added\": {\"name\": \"room photo\", \"object\": \"rooms_img/room_24/IMG_20230305_144809.jpg\"}}, {\"added\": {\"name\": \"room photo\", \"object\": \"rooms_img/room_24/IMG_20230305_144829.jpg\"}}, {\"added\": {\"name\": \"room photo\", \"object\": \"rooms_img/room_24/IMG_20230305_144916.jpg\"}}]"
    }
  },
  {
    "model": "admin.logentry",
    "pk": 158,
    "fields": {
      "action_time": "2023-03-31T12:38:51.654Z",
      "user": 1,
      "content_type": 12,
      "object_id": "20",
      "object_repr": "17 | 4-місний номер з окремими ліжками",
      "action_flag": 2,
      "change_message": "[{\"changed\": {\"fields\": [\"Title photo\"]}}, {\"added\": {\"name\": \"room photo\", \"object\": \"rooms_img/room_17/17_title_IFuDRG3.jpg\"}}, {\"added\": {\"name\": \"room photo\", \"object\": \"rooms_img/room_17/IMG_20230305_133832.jpg\"}}, {\"added\": {\"name\": \"room photo\", \"object\": \"rooms_img/room_17/IMG_20230305_133731.jpg\"}}, {\"added\": {\"name\": \"room photo\", \"object\": \"rooms_img/room_17/IMG_20230305_133504.jpg\"}}, {\"added\": {\"name\": \"room photo\", \"object\": \"rooms_img/room_17/IMG_20230305_133411.jpg\"}}, {\"added\": {\"name\": \"room photo\", \"object\": \"rooms_img/room_17/IMG_20230305_133430.jpg\"}}]"
    }
  },
  {
    "model": "admin.logentry",
    "pk": 159,
    "fields": {
      "action_time": "2023-03-31T12:42:24.958Z",
      "user": 1,
      "content_type": 12,
      "object_id": "20",
      "object_repr": "17 | 4-місний номер з окремими ліжками",
      "action_flag": 2,
      "change_message": "[{\"changed\": {\"fields\": [\"Desc\"]}}]"
    }
  },
  {
    "model": "admin.logentry",
    "pk": 160,
    "fields": {
      "action_time": "2023-03-31T12:43:12.016Z",
      "user": 1,
      "content_type": 12,
      "object_id": "20",
      "object_repr": "17 | 4-місний номер з окремими ліжками",
      "action_flag": 2,
      "change_message": "[{\"changed\": {\"fields\": [\"Desc\"]}}]"
    }
  },
  {
    "model": "auth.permission",
    "pk": 1,
    "fields": {
      "name": "Can add log entry",
      "content_type": 1,
      "codename": "add_logentry"
    }
  },
  {
    "model": "auth.permission",
    "pk": 2,
    "fields": {
      "name": "Can change log entry",
      "content_type": 1,
      "codename": "change_logentry"
    }
  },
  {
    "model": "auth.permission",
    "pk": 3,
    "fields": {
      "name": "Can delete log entry",
      "content_type": 1,
      "codename": "delete_logentry"
    }
  },
  {
    "model": "auth.permission",
    "pk": 4,
    "fields": {
      "name": "Can view log entry",
      "content_type": 1,
      "codename": "view_logentry"
    }
  },
  {
    "model": "auth.permission",
    "pk": 5,
    "fields": {
      "name": "Can add permission",
      "content_type": 2,
      "codename": "add_permission"
    }
  },
  {
    "model": "auth.permission",
    "pk": 6,
    "fields": {
      "name": "Can change permission",
      "content_type": 2,
      "codename": "change_permission"
    }
  },
  {
    "model": "auth.permission",
    "pk": 7,
    "fields": {
      "name": "Can delete permission",
      "content_type": 2,
      "codename": "delete_permission"
    }
  },
  {
    "model": "auth.permission",
    "pk": 8,
    "fields": {
      "name": "Can view permission",
      "content_type": 2,
      "codename": "view_permission"
    }
  },
  {
    "model": "auth.permission",
    "pk": 9,
    "fields": {
      "name": "Can add group",
      "content_type": 3,
      "codename": "add_group"
    }
  },
  {
    "model": "auth.permission",
    "pk": 10,
    "fields": {
      "name": "Can change group",
      "content_type": 3,
      "codename": "change_group"
    }
  },
  {
    "model": "auth.permission",
    "pk": 11,
    "fields": {
      "name": "Can delete group",
      "content_type": 3,
      "codename": "delete_group"
    }
  },
  {
    "model": "auth.permission",
    "pk": 12,
    "fields": {
      "name": "Can view group",
      "content_type": 3,
      "codename": "view_group"
    }
  },
  {
    "model": "auth.permission",
    "pk": 13,
    "fields": {
      "name": "Can add user",
      "content_type": 4,
      "codename": "add_user"
    }
  },
  {
    "model": "auth.permission",
    "pk": 14,
    "fields": {
      "name": "Can change user",
      "content_type": 4,
      "codename": "change_user"
    }
  },
  {
    "model": "auth.permission",
    "pk": 15,
    "fields": {
      "name": "Can delete user",
      "content_type": 4,
      "codename": "delete_user"
    }
  },
  {
    "model": "auth.permission",
    "pk": 16,
    "fields": {
      "name": "Can view user",
      "content_type": 4,
      "codename": "view_user"
    }
  },
  {
    "model": "auth.permission",
    "pk": 17,
    "fields": {
      "name": "Can add content type",
      "content_type": 5,
      "codename": "add_contenttype"
    }
  },
  {
    "model": "auth.permission",
    "pk": 18,
    "fields": {
      "name": "Can change content type",
      "content_type": 5,
      "codename": "change_contenttype"
    }
  },
  {
    "model": "auth.permission",
    "pk": 19,
    "fields": {
      "name": "Can delete content type",
      "content_type": 5,
      "codename": "delete_contenttype"
    }
  },
  {
    "model": "auth.permission",
    "pk": 20,
    "fields": {
      "name": "Can view content type",
      "content_type": 5,
      "codename": "view_contenttype"
    }
  },
  {
    "model": "auth.permission",
    "pk": 21,
    "fields": {
      "name": "Can add session",
      "content_type": 6,
      "codename": "add_session"
    }
  },
  {
    "model": "auth.permission",
    "pk": 22,
    "fields": {
      "name": "Can change session",
      "content_type": 6,
      "codename": "change_session"
    }
  },
  {
    "model": "auth.permission",
    "pk": 23,
    "fields": {
      "name": "Can delete session",
      "content_type": 6,
      "codename": "delete_session"
    }
  },
  {
    "model": "auth.permission",
    "pk": 24,
    "fields": {
      "name": "Can view session",
      "content_type": 6,
      "codename": "view_session"
    }
  },
  {
    "model": "auth.permission",
    "pk": 25,
    "fields": {
      "name": "Can add about",
      "content_type": 7,
      "codename": "add_about"
    }
  },
  {
    "model": "auth.permission",
    "pk": 26,
    "fields": {
      "name": "Can change about",
      "content_type": 7,
      "codename": "change_about"
    }
  },
  {
    "model": "auth.permission",
    "pk": 27,
    "fields": {
      "name": "Can delete about",
      "content_type": 7,
      "codename": "delete_about"
    }
  },
  {
    "model": "auth.permission",
    "pk": 28,
    "fields": {
      "name": "Can view about",
      "content_type": 7,
      "codename": "view_about"
    }
  },
  {
    "model": "auth.permission",
    "pk": 29,
    "fields": {
      "name": "Can add category room",
      "content_type": 8,
      "codename": "add_categoryroom"
    }
  },
  {
    "model": "auth.permission",
    "pk": 30,
    "fields": {
      "name": "Can change category room",
      "content_type": 8,
      "codename": "change_categoryroom"
    }
  },
  {
    "model": "auth.permission",
    "pk": 31,
    "fields": {
      "name": "Can delete category room",
      "content_type": 8,
      "codename": "delete_categoryroom"
    }
  },
  {
    "model": "auth.permission",
    "pk": 32,
    "fields": {
      "name": "Can view category room",
      "content_type": 8,
      "codename": "view_categoryroom"
    }
  },
  {
    "model": "auth.permission",
    "pk": 33,
    "fields": {
      "name": "Can add contacts",
      "content_type": 9,
      "codename": "add_contacts"
    }
  },
  {
    "model": "auth.permission",
    "pk": 34,
    "fields": {
      "name": "Can change contacts",
      "content_type": 9,
      "codename": "change_contacts"
    }
  },
  {
    "model": "auth.permission",
    "pk": 35,
    "fields": {
      "name": "Can delete contacts",
      "content_type": 9,
      "codename": "delete_contacts"
    }
  },
  {
    "model": "auth.permission",
    "pk": 36,
    "fields": {
      "name": "Can view contacts",
      "content_type": 9,
      "codename": "view_contacts"
    }
  },
  {
    "model": "auth.permission",
    "pk": 37,
    "fields": {
      "name": "Can add gallery",
      "content_type": 10,
      "codename": "add_gallery"
    }
  },
  {
    "model": "auth.permission",
    "pk": 38,
    "fields": {
      "name": "Can change gallery",
      "content_type": 10,
      "codename": "change_gallery"
    }
  },
  {
    "model": "auth.permission",
    "pk": 39,
    "fields": {
      "name": "Can delete gallery",
      "content_type": 10,
      "codename": "delete_gallery"
    }
  },
  {
    "model": "auth.permission",
    "pk": 40,
    "fields": {
      "name": "Can view gallery",
      "content_type": 10,
      "codename": "view_gallery"
    }
  },
  {
    "model": "auth.permission",
    "pk": 41,
    "fields": {
      "name": "Can add reservation",
      "content_type": 11,
      "codename": "add_reservation"
    }
  },
  {
    "model": "auth.permission",
    "pk": 42,
    "fields": {
      "name": "Can change reservation",
      "content_type": 11,
      "codename": "change_reservation"
    }
  },
  {
    "model": "auth.permission",
    "pk": 43,
    "fields": {
      "name": "Can delete reservation",
      "content_type": 11,
      "codename": "delete_reservation"
    }
  },
  {
    "model": "auth.permission",
    "pk": 44,
    "fields": {
      "name": "Can view reservation",
      "content_type": 11,
      "codename": "view_reservation"
    }
  },
  {
    "model": "auth.permission",
    "pk": 45,
    "fields": {
      "name": "Can add room",
      "content_type": 12,
      "codename": "add_room"
    }
  },
  {
    "model": "auth.permission",
    "pk": 46,
    "fields": {
      "name": "Can change room",
      "content_type": 12,
      "codename": "change_room"
    }
  },
  {
    "model": "auth.permission",
    "pk": 47,
    "fields": {
      "name": "Can delete room",
      "content_type": 12,
      "codename": "delete_room"
    }
  },
  {
    "model": "auth.permission",
    "pk": 48,
    "fields": {
      "name": "Can view room",
      "content_type": 12,
      "codename": "view_room"
    }
  },
  {
    "model": "auth.permission",
    "pk": 49,
    "fields": {
      "name": "Can add room photo",
      "content_type": 13,
      "codename": "add_roomphoto"
    }
  },
  {
    "model": "auth.permission",
    "pk": 50,
    "fields": {
      "name": "Can change room photo",
      "content_type": 13,
      "codename": "change_roomphoto"
    }
  },
  {
    "model": "auth.permission",
    "pk": 51,
    "fields": {
      "name": "Can delete room photo",
      "content_type": 13,
      "codename": "delete_roomphoto"
    }
  },
  {
    "model": "auth.permission",
    "pk": 52,
    "fields": {
      "name": "Can view room photo",
      "content_type": 13,
      "codename": "view_roomphoto"
    }
  },
  {
    "model": "auth.permission",
    "pk": 53,
    "fields": {
      "name": "Can add user profile",
      "content_type": 14,
      "codename": "add_userprofile"
    }
  },
  {
    "model": "auth.permission",
    "pk": 54,
    "fields": {
      "name": "Can change user profile",
      "content_type": 14,
      "codename": "change_userprofile"
    }
  },
  {
    "model": "auth.permission",
    "pk": 55,
    "fields": {
      "name": "Can delete user profile",
      "content_type": 14,
      "codename": "delete_userprofile"
    }
  },
  {
    "model": "auth.permission",
    "pk": 56,
    "fields": {
      "name": "Can view user profile",
      "content_type": 14,
      "codename": "view_userprofile"
    }
  },
  {
    "model": "auth.group",
    "pk": 1,
    "fields": {
      "name": "manager",
      "permissions": [
        56,
        32,
        40,
        44,
        48,
        52
      ]
    }
  },
  {
    "model": "auth.group",
    "pk": 2,
    "fields": {
      "name": "admin",
      "permissions": [
        56,
        16,
        25,
        26,
        28,
        29,
        30,
        32,
        33,
        34,
        35,
        36,
        37,
        38,
        40,
        41,
        42,
        44,
        45,
        46,
        48,
        49,
        50,
        52
      ]
    }
  },
  {
    "model": "auth.user",
    "pk": 1,
    "fields": {
      "password": "pbkdf2_sha256$390000$cI27GsA8uUCA311oYEX5gP$o+Wv9s6XfL6SZ0TC0qinDpVWa7u5TWw2UF1yOx6z9Ao=",
      "last_login": "2023-03-31T12:03:32.793Z",
      "is_superuser": true,
      "username": "olexa",
      "first_name": "",
      "last_name": "",
      "email": "",
      "is_staff": true,
      "is_active": true,
      "date_joined": "2023-03-27T04:58:26.541Z",
      "groups": [],
      "user_permissions": []
    }
  },
  {
    "model": "auth.user",
    "pk": 2,
    "fields": {
      "password": "pbkdf2_sha256$390000$Nj3qAw48icUbvosSz1Pv17$pda5K9x/7xfv40jxLpBq4ny6GPEZAH0/bcEmh30LHYo=",
      "last_login": "2023-03-27T05:58:03.985Z",
      "is_superuser": false,
      "username": "user",
      "first_name": "",
      "last_name": "",
      "email": "",
      "is_staff": false,
      "is_active": true,
      "date_joined": "2023-03-27T05:26:31.997Z",
      "groups": [],
      "user_permissions": []
    }
  },
  {
    "model": "auth.user",
    "pk": 3,
    "fields": {
      "password": "pbkdf2_sha256$390000$scKVTF6F9F5CTdRFfUORtR$LK+QrqZ7pf9kc5Ad/IJbtTBKPRrbkDN3NwdJ1F11434=",
      "last_login": "2023-03-27T05:44:07.089Z",
      "is_superuser": false,
      "username": "manager",
      "first_name": "",
      "last_name": "",
      "email": "",
      "is_staff": true,
      "is_active": true,
      "date_joined": "2023-03-27T05:29:58Z",
      "groups": [
        1
      ],
      "user_permissions": []
    }
  },
  {
    "model": "auth.user",
    "pk": 4,
    "fields": {
      "password": "pbkdf2_sha256$390000$n3QOYm8MBo1TquFcyp1xML$BD1+0OkcadmkLEB7MdTdmozTH9eoC0JF9h1EBtwkG00=",
      "last_login": "2023-03-27T05:54:52.699Z",
      "is_superuser": false,
      "username": "admin",
      "first_name": "",
      "last_name": "",
      "email": "",
      "is_staff": true,
      "is_active": true,
      "date_joined": "2023-03-27T05:46:42Z",
      "groups": [
        2
      ],
      "user_permissions": []
    }
  },
  {
    "model": "contenttypes.contenttype",
    "pk": 1,
    "fields": {
      "app_label": "admin",
      "model": "logentry"
    }
  },
  {
    "model": "contenttypes.contenttype",
    "pk": 2,
    "fields": {
      "app_label": "auth",
      "model": "permission"
    }
  },
  {
    "model": "contenttypes.contenttype",
    "pk": 3,
    "fields": {
      "app_label": "auth",
      "model": "group"
    }
  },
  {
    "model": "contenttypes.contenttype",
    "pk": 4,
    "fields": {
      "app_label": "auth",
      "model": "user"
    }
  },
  {
    "model": "contenttypes.contenttype",
    "pk": 5,
    "fields": {
      "app_label": "contenttypes",
      "model": "contenttype"
    }
  },
  {
    "model": "contenttypes.contenttype",
    "pk": 6,
    "fields": {
      "app_label": "sessions",
      "model": "session"
    }
  },
  {
    "model": "contenttypes.contenttype",
    "pk": 7,
    "fields": {
      "app_label": "main_page",
      "model": "about"
    }
  },
  {
    "model": "contenttypes.contenttype",
    "pk": 8,
    "fields": {
      "app_label": "main_page",
      "model": "categoryroom"
    }
  },
  {
    "model": "contenttypes.contenttype",
    "pk": 9,
    "fields": {
      "app_label": "main_page",
      "model": "contacts"
    }
  },
  {
    "model": "contenttypes.contenttype",
    "pk": 10,
    "fields": {
      "app_label": "main_page",
      "model": "gallery"
    }
  },
  {
    "model": "contenttypes.contenttype",
    "pk": 11,
    "fields": {
      "app_label": "main_page",
      "model": "reservation"
    }
  },
  {
    "model": "contenttypes.contenttype",
    "pk": 12,
    "fields": {
      "app_label": "main_page",
      "model": "room"
    }
  },
  {
    "model": "contenttypes.contenttype",
    "pk": 13,
    "fields": {
      "app_label": "main_page",
      "model": "roomphoto"
    }
  },
  {
    "model": "contenttypes.contenttype",
    "pk": 14,
    "fields": {
      "app_label": "account",
      "model": "userprofile"
    }
  },
  {
    "model": "sessions.session",
    "pk": "0linrlliw1dm21nsx8zuq778uor6u44d",
    "fields": {
      "session_data": ".eJxVjDsOwjAQBe_iGlnZDfKHkp4zWOtdGweQLcVJFXF3iJQC2jczb1OB1qWEtac5TKIuCtTpd4vEz1R3IA-q96a51WWeot4VfdCub03S63q4fweFevnWbjSeANiJRSsZnRk5i0HLMqAfwJzRxsxpjJxyBiCyAh4kEYonz-r9AeI_OJE:1piDTg:WNKBYB3FcIHbwjnpmkJ5P0eAstJcTRPwWrhoNYrFpWc",
      "expire_date": "2023-04-14T12:03:32.803Z"
    }
  },
  {
    "model": "sessions.session",
    "pk": "6yzb3sbkg8ee4lkh2vjdozfoondsymx5",
    "fields": {
      "session_data": ".eJxVjDsOwjAQBe_iGlnZDfKHkp4zWOtdGweQLcVJFXF3iJQC2jczb1OB1qWEtac5TKIuCtTpd4vEz1R3IA-q96a51WWeot4VfdCub03S63q4fweFevnWbjSeANiJRSsZnRk5i0HLMqAfwJzRxsxpjJxyBiCyAh4kEYonz-r9AeI_OJE:1piBng:4py-Dc8_R-YRBHaOOxTNVzExsja17QdviilCy7N7UlM",
      "expire_date": "2023-04-14T10:16:04.918Z"
    }
  },
  {
    "model": "sessions.session",
    "pk": "a9fcae3u2tf9evxpbotiwg6uwwq3hokk",
    "fields": {
      "session_data": ".eJxVjEEOwiAQRe_C2pBCoYBL956BzAyDVA0kpV0Z765NutDtf-_9l4iwrSVunZc4J3EWWpx-NwR6cN1BukO9NUmtrsuMclfkQbu8tsTPy-H-HRTo5VtPwTjKWWsLGVVyiGwG9kFTmtgpp72xIyF5h8NIatTWEoAy7FERBifeH_KSOC8:1pgfrn:O9NPt9bAalwtam-JIangcFfbpOz3LrNBxI_GYEt9uG4",
      "expire_date": "2023-04-10T05:58:03.994Z"
    }
  },
  {
    "model": "sessions.session",
    "pk": "nkyr203i7h04l1jo8sfhk1gg3290pgq7",
    "fields": {
      "session_data": ".eJxVjDsOwjAQBe_iGlnZDfKHkp4zWOtdGweQLcVJFXF3iJQC2jczb1OB1qWEtac5TKIuCtTpd4vEz1R3IA-q96a51WWeot4VfdCub03S63q4fweFevnWbjSeANiJRSsZnRk5i0HLMqAfwJzRxsxpjJxyBiCyAh4kEYonz-r9AeI_OJE:1pgfXD:2G5s37kgvTfkPDy36zy2K7vA57nUj8d6Y_bg1_Iepdo",
      "expire_date": "2023-04-10T05:36:47.365Z"
    }
  },
  {
    "model": "sessions.session",
    "pk": "pwxv2vk79hqq24z1f46gb4fa267ak3tu",
    "fields": {
      "session_data": ".eJxVjEEOwiAQRe_C2pBCoYBL956BzAyDVA0kpV0Z765NutDtf-_9l4iwrSVunZc4J3EWWpx-NwR6cN1BukO9NUmtrsuMclfkQbu8tsTPy-H-HRTo5VtPwTjKWWsLGVVyiGwG9kFTmtgpp72xIyF5h8NIatTWEoAy7FERBifeH_KSOC8:1phyBE:wSshmaIZwF9RZhVA7_2yQlndmEHg8SaIUgPRoU0NRlQ",
      "expire_date": "2023-04-13T19:43:28.354Z"
    }
  },
  {
    "model": "main_page.categoryroom",
    "pk": 1,
    "fields": {
      "title": "Для двох",
      "position": 2,
      "is_visible": true,
      "persons": 2
    }
  },
  {
    "model": "main_page.categoryroom",
    "pk": 2,
    "fields": {
      "title": "Для трьох",
      "position": 3,
      "is_visible": true,
      "persons": 3
    }
  },
  {
    "model": "main_page.categoryroom",
    "pk": 4,
    "fields": {
      "title": "З домашніми улюбленцями",
      "position": 5,
      "is_visible": true,
      "persons": 10
    }
  },
  {
    "model": "main_page.categoryroom",
    "pk": 5,
    "fields": {
      "title": "Для однієї особи",
      "position": 1,
      "is_visible": true,
      "persons": 1
    }
  },
  {
    "model": "main_page.categoryroom",
    "pk": 6,
    "fields": {
      "title": "Для чотирьох",
      "position": 4,
      "is_visible": true,
      "persons": 4
    }
  },
  {
    "model": "main_page.room",
    "pk": 7,
    "fields": {
      "title": "Номер в окремому будиночку, 2 поверх",
      "desc": "Суперзатишний та комфортний номер в окремому невеликому будиночку.\r\nВ основній кімнаті розташоване двоспальне ліжко, стіл, телевізор, настільна лампа, просторі місткі полиці-ніші, шафа, обігрівач.\r\nДруга кімната — світла та простора лоджія, що дає змогу побути наодинці з природою. У будь-яку пору року там можна відпочити та помилуватись краєвидом: помріяти серед засніжених гілок дерев взимку, послухати спів пташок навесні, послухати цвіркунів влітку та погрітись у промінцях сонця восени.\r\nНа лоджії є розкладний диван, стіл зі стільцями, зручна компактна кухня з необхідним начинням, шафа, обігрівач.\r\nУ номері також є ванна кімната, передпокій із великою тумбою. Вхід у номер зі зовнішніх окремих сходів.",
      "position": 1,
      "is_visible": true,
      "persons": 4,
      "price": "800.00",
      "price_comment": "",
      "price_1person": "650.00",
      "price_2person": "700.00",
      "price_3person": "750.00",
      "price_pets": null,
      "special_offer": true,
      "category": 6,
      "title_photo": "rooms_img/room_25/25_title.jpg",
      "inn_number": 25,
      "for_single": true,
      "with_pets": false,
      "first_floor": false
    }
  },
  {
    "model": "main_page.room",
    "pk": 8,
    "fields": {
      "title": "Номер в окремому будиночку, 1 поверх",
      "desc": "Затишний просторий номер в окремому невеликому будиночку.\r\nВ основній кімнаті: двоспальне ліжко, шафа, тумба, місткі полиці-ніші, телевізор, обігрівач.\r\nУ світлій та затишній лоджії розташована зона відпочинку (диван, стіл зі стільцями) з настінним обігрівачем, а також компактна кухня з необхідним начинням. \r\nТакож у номері є ванна кімната та передпокій із шафою-купе з великими дзеркалами.\r\nВхід у номер окремий, із подвір'я.",
      "position": 2,
      "is_visible": true,
      "persons": 3,
      "price": "750.00",
      "price_comment": "",
      "price_1person": "650.00",
      "price_2person": "700.00",
      "price_3person": null,
      "price_pets": "900.00",
      "special_offer": false,
      "category": 2,
      "title_photo": "rooms_img/room_12/12_title.jpg",
      "inn_number": 12,
      "for_single": true,
      "with_pets": true,
      "first_floor": true
    }
  },
  {
    "model": "main_page.room",
    "pk": 9,
    "fields": {
      "title": "Чотиримісний двокімнатний номер 1",
      "desc": "Номер має дві основні кімнати, а також ванну кімнату, передпокій та кухню.\r\nВ основній кімнаті: двоспальне ліжко, тумби з шухлядами, настільна лампа, телевізор.\r\nУ другій кімнаті є розкладний диван, стіл зі стільцями, шафа, тумби. Тут є сполучення з кухнею. Кухня та ванна мають все необхідне базове начиння. У передпокої також є містка шафа з полицями та шухлядами.\r\nВхід у номер із загального зовнішнього балкона.",
      "position": 9,
      "is_visible": true,
      "persons": 4,
      "price": "750.00",
      "price_comment": "",
      "price_1person": "600.00",
      "price_2person": "650.00",
      "price_3person": "700.00",
      "price_pets": null,
      "special_offer": false,
      "category": 6,
      "title_photo": "rooms_img/room_5/5_title.jpg",
      "inn_number": 5,
      "for_single": true,
      "with_pets": false,
      "first_floor": false
    }
  },
  {
    "model": "main_page.room",
    "pk": 10,
    "fields": {
      "title": "Чотиримісний двокімнатний номер 2",
      "desc": "Номер має дві основні кімнати, а також ванну кімнату, передпокій та кухню.\r\nВ основній кімнаті: ліжко з приліжковими тумбами, стіл, настільна лампа, шафа, телевізор.\r\nУ другій кімнаті є розкладний диван, стіл зі стільцями, шафа. Звідси є вхід на кухню. Кухня та ванна мають все необхідне базове начиння.\r\nВхід у номер із загального зовнішнього балкона.",
      "position": 6,
      "is_visible": true,
      "persons": 4,
      "price": "750.00",
      "price_comment": "",
      "price_1person": "600.00",
      "price_2person": "650.00",
      "price_3person": "700.00",
      "price_pets": null,
      "special_offer": false,
      "category": 6,
      "title_photo": "rooms_img/room_6/6_title.jpg",
      "inn_number": 6,
      "for_single": true,
      "with_pets": false,
      "first_floor": false
    }
  },
  {
    "model": "main_page.room",
    "pk": 11,
    "fields": {
      "title": "Двомісний номер, 2 поверх, східна сторона",
      "desc": "Комфортний 2-місний номер із затишною кухнею на лоджії. Вікно на схід.\r\nУ номері є ванна кімната та передпокій із шафою.\r\nНомер розташований на 2 поверсі, вхід через загальний коридор будинку.",
      "position": 3,
      "is_visible": true,
      "persons": 2,
      "price": "500.00",
      "price_comment": "",
      "price_1person": "400.00",
      "price_2person": null,
      "price_3person": null,
      "price_pets": null,
      "special_offer": false,
      "category": 1,
      "title_photo": "rooms_img/room_7/7_title.jpg",
      "inn_number": 7,
      "for_single": true,
      "with_pets": false,
      "first_floor": false
    }
  },
  {
    "model": "main_page.room",
    "pk": 13,
    "fields": {
      "title": "Затишний 2-місний номер із лоджією",
      "desc": "Затишний 2-місний номер із краєвидом на лісовий пагорб та дерев'яний будиночок. \r\nВ основній кімнаті є двоспальне ліжко з приліжковими тумбами, стіл зі стільцем, настільна лампа, телевізор.\r\nНа лоджії розташована компактна кухня з необхідним начинням та зона відпочинку. Великі вікна забезпечують багато денного світла та простору.\r\nТакож у номері зручна ванна кімната з теплою підлогою та передпокій із шафою.\r\nНомер розташований на 2 поверсі, вхід через загальний коридор будинку.",
      "position": 4,
      "is_visible": true,
      "persons": 2,
      "price": "550.00",
      "price_comment": "",
      "price_1person": "450.00",
      "price_2person": null,
      "price_3person": null,
      "price_pets": null,
      "special_offer": false,
      "category": 1,
      "title_photo": "rooms_img/room_10/10_title.jpg",
      "inn_number": 10,
      "for_single": true,
      "with_pets": false,
      "first_floor": false
    }
  },
  {
    "model": "main_page.room",
    "pk": 14,
    "fields": {
      "title": "Двомісний напівлюкс із кухнею-лоджією",
      "desc": "Комфортний двомісний напівлюкс із кухнею-лоджією саме для вас, якщо ви любите спостерігати за всім, що відбувається навколо. Із вікон лоджії видно все подвір'я садиби, лісовий пагорб поруч та обриси навколишніх гір.\r\nВ номері є ванна кімната, передпокій із великою шафою. На лоджії розміщена компактна кухня та зона відпочинку для ранкового кавування та чаювання. Детальніше на фото.",
      "position": 5,
      "is_visible": true,
      "persons": 2,
      "price": "500.00",
      "price_comment": "",
      "price_1person": "400.00",
      "price_2person": null,
      "price_3person": null,
      "price_pets": null,
      "special_offer": false,
      "category": 1,
      "title_photo": "rooms_img/room_11/11_title.jpg",
      "inn_number": 11,
      "for_single": true,
      "with_pets": false,
      "first_floor": false
    }
  },
  {
    "model": "main_page.room",
    "pk": 15,
    "fields": {
      "title": "Двомісний номер з односпальними ліжками",
      "desc": "В основній кімнаті номеру є два односпальні ліжка, шафа, телевізор, стіл, настільна лампа.\r\nНа лоджії — компактна кухня з панорамним вікном на схід, круглий столик зі стільцями. Кухня та ванна кімната мають усе необхідне базове начиння. У передпокої є містка шафа з полицями, шухлядами та дзеркалом.\r\nВхід у номер із загального коридору будинку, 2 поверх.",
      "position": 10,
      "is_visible": true,
      "persons": 2,
      "price": "500.00",
      "price_comment": "",
      "price_1person": "400.00",
      "price_2person": null,
      "price_3person": null,
      "price_pets": null,
      "special_offer": false,
      "category": 1,
      "title_photo": "rooms_img/room_8/8_title.jpg",
      "inn_number": 8,
      "for_single": true,
      "with_pets": false,
      "first_floor": false
    }
  },
  {
    "model": "main_page.room",
    "pk": 16,
    "fields": {
      "title": "Тримісний номер (2+1) на 1 поверсі",
      "desc": "Номер розташований на першому поверсі та має окремий вхід.\r\nВ основній кімнаті є двоспальне та односпальне ліжка, стіл зі стільцями, настільна лампа, телевізор, шафа. Також у номері є мінікухня з необхідним базовим начинням, ванна кімната та невеликий передпокій із полицями та вішалкою для одягу.",
      "position": 14,
      "is_visible": true,
      "persons": 3,
      "price": "650.00",
      "price_comment": "",
      "price_1person": "550.00",
      "price_2person": "600.00",
      "price_3person": null,
      "price_pets": null,
      "special_offer": false,
      "category": 2,
      "title_photo": "rooms_img/room_14/14_title.jpg",
      "inn_number": 14,
      "for_single": true,
      "with_pets": false,
      "first_floor": true
    }
  },
  {
    "model": "main_page.room",
    "pk": 17,
    "fields": {
      "title": "Двомісний номер із панорамним вікном на 3 поверсі",
      "desc": "Номер розташований на 3 поверсі. Звідси відкривається чудовий краєвид на лісовий пагорб та навколишні гірські хребти, а також на саме подвір'я садиби.\r\nЯкщо вам до вподоби панорамні вікна та простір, то цей номер припаде до душі.\r\nВ основній кімнаті міститься ліжко, тумба з шухлядами, телевізор на стіні.\r\nНа лоджії — компактна затишна кухня та зона відпочинку з обігрівачем.\r\nУ номері також є ванна кімната та передпокій із великою шафою.\r\nВхід у номер із загального коридору будинку.",
      "position": 7,
      "is_visible": true,
      "persons": 2,
      "price": "500.00",
      "price_comment": "",
      "price_1person": "400.00",
      "price_2person": null,
      "price_3person": null,
      "price_pets": null,
      "special_offer": false,
      "category": 1,
      "title_photo": "rooms_img/room_21/21_title.jpg",
      "inn_number": 21,
      "for_single": true,
      "with_pets": false,
      "first_floor": false
    }
  },
  {
    "model": "main_page.room",
    "pk": 18,
    "fields": {
      "title": "Двомісний номер на східній стороні на 3 поверсі",
      "desc": "У номері є двоспальне ліжко з приліжковою тумбою, стіл із настільною лампою, телевізор.\r\nНа лоджії розташована мінікухня з необхідним базовим начинням та столик із стільцями. Панорамне вікно на схід.\r\nТакож є передпокій із шафою, шухлядами, вішалкою та ванна кімната з необхідним базовим начинням.\r\nНомер розташований на 3 поверсі.",
      "position": 23,
      "is_visible": true,
      "persons": 2,
      "price": "500.00",
      "price_comment": "",
      "price_1person": "400.00",
      "price_2person": null,
      "price_3person": null,
      "price_pets": null,
      "special_offer": false,
      "category": 1,
      "title_photo": "rooms_img/room_23/23_title.jpg",
      "inn_number": 23,
      "for_single": true,
      "with_pets": false,
      "first_floor": false
    }
  },
  {
    "model": "main_page.room",
    "pk": 19,
    "fields": {
      "title": "Двомісний номер на 3 поверсі",
      "desc": "Цей затишний номер містить двоспальне ліжко, стіл зі стільцем та настільною лампою, телевізор, шафу. На лоджії розташована мінікухня з базовим начинням, круглий столик зі стільцями, панорамне вікно на схід. Також є ванна кімната та передпокій із шафою, шухлядами та дзеркалом.",
      "position": 24,
      "is_visible": true,
      "persons": 2,
      "price": "500.00",
      "price_comment": "",
      "price_1person": "400.00",
      "price_2person": null,
      "price_3person": null,
      "price_pets": null,
      "special_offer": false,
      "category": 1,
      "title_photo": "rooms_img/room_24/24_title.jpg",
      "inn_number": 24,
      "for_single": true,
      "with_pets": false,
      "first_floor": false
    }
  },
  {
    "model": "main_page.room",
    "pk": 20,
    "fields": {
      "title": "4-місний номер з окремими ліжками",
      "desc": "В основній кімнаті номеру є 4 односпальні ліжка, стіл, стільці, 2 шафи, телевізор, маленькі приліжкові полиці, настільна лампа.\r\nТакож у номері є кухня з необхідним базовим начинням та ванна кімната. У передпокої є вішаки для одягу та стіл.\r\nНомер розташований на 1 поверсі, вхід окремий із подвір'я.",
      "position": 17,
      "is_visible": true,
      "persons": 4,
      "price": "700.00",
      "price_comment": "",
      "price_1person": "550.00",
      "price_2person": "600.00",
      "price_3person": "650.00",
      "price_pets": null,
      "special_offer": false,
      "category": 6,
      "title_photo": "rooms_img/room_17/17_title.jpg",
      "inn_number": 17,
      "for_single": true,
      "with_pets": false,
      "first_floor": true
    }
  },
  {
    "model": "main_page.roomphoto",
    "pk": 119,
    "fields": {
      "photo": "rooms_img/room_25/25_title_e37K4wV.jpg",
      "position": 1,
      "room": 7,
      "desc": ""
    }
  },
  {
    "model": "main_page.roomphoto",
    "pk": 120,
    "fields": {
      "photo": "rooms_img/room_25/IMG_20230305_125822.jpg",
      "position": 2,
      "room": 7,
      "desc": ""
    }
  },
  {
    "model": "main_page.roomphoto",
    "pk": 121,
    "fields": {
      "photo": "rooms_img/room_25/IMG_20230305_125902.jpg",
      "position": 3,
      "room": 7,
      "desc": ""
    }
  },
  {
    "model": "main_page.roomphoto",
    "pk": 122,
    "fields": {
      "photo": "rooms_img/room_25/IMG_20230305_125928.jpg",
      "position": 4,
      "room": 7,
      "desc": ""
    }
  },
  {
    "model": "main_page.roomphoto",
    "pk": 123,
    "fields": {
      "photo": "rooms_img/room_25/IMG_20230305_130104.jpg",
      "position": 5,
      "room": 7,
      "desc": ""
    }
  },
  {
    "model": "main_page.roomphoto",
    "pk": 124,
    "fields": {
      "photo": "rooms_img/room_25/IMG_20230305_130317.jpg",
      "position": 6,
      "room": 7,
      "desc": ""
    }
  },
  {
    "model": "main_page.roomphoto",
    "pk": 125,
    "fields": {
      "photo": "rooms_img/room_25/IMG_20230305_130416.jpg",
      "position": 7,
      "room": 7,
      "desc": ""
    }
  },
  {
    "model": "main_page.roomphoto",
    "pk": 126,
    "fields": {
      "photo": "rooms_img/room_25/IMG_20230305_130627.jpg",
      "position": 8,
      "room": 7,
      "desc": ""
    }
  },
  {
    "model": "main_page.roomphoto",
    "pk": 127,
    "fields": {
      "photo": "rooms_img/room_25/IMG_20230305_130748.jpg",
      "position": 9,
      "room": 7,
      "desc": ""
    }
  },
  {
    "model": "main_page.roomphoto",
    "pk": 128,
    "fields": {
      "photo": "rooms_img/room_25/IMG_20230305_130828.jpg",
      "position": 10,
      "room": 7,
      "desc": ""
    }
  },
  {
    "model": "main_page.roomphoto",
    "pk": 129,
    "fields": {
      "photo": "rooms_img/room_12/12_title_OypxTG5.jpg",
      "position": 121,
      "room": 8,
      "desc": ""
    }
  },
  {
    "model": "main_page.roomphoto",
    "pk": 130,
    "fields": {
      "photo": "rooms_img/room_12/IMG_20230305_131258.jpg",
      "position": 122,
      "room": 8,
      "desc": ""
    }
  },
  {
    "model": "main_page.roomphoto",
    "pk": 131,
    "fields": {
      "photo": "rooms_img/room_12/IMG_20230305_131356.jpg",
      "position": 123,
      "room": 8,
      "desc": ""
    }
  },
  {
    "model": "main_page.roomphoto",
    "pk": 132,
    "fields": {
      "photo": "rooms_img/room_12/IMG_20230305_131441.jpg",
      "position": 124,
      "room": 8,
      "desc": ""
    }
  },
  {
    "model": "main_page.roomphoto",
    "pk": 133,
    "fields": {
      "photo": "rooms_img/room_12/IMG_20230305_131715.jpg",
      "position": 125,
      "room": 8,
      "desc": ""
    }
  },
  {
    "model": "main_page.roomphoto",
    "pk": 134,
    "fields": {
      "photo": "rooms_img/room_12/IMG_20230305_131748.jpg",
      "position": 126,
      "room": 8,
      "desc": ""
    }
  },
  {
    "model": "main_page.roomphoto",
    "pk": 135,
    "fields": {
      "photo": "rooms_img/room_12/IMG_20230305_131935.jpg",
      "position": 127,
      "room": 8,
      "desc": ""
    }
  },
  {
    "model": "main_page.roomphoto",
    "pk": 136,
    "fields": {
      "photo": "rooms_img/room_12/IMG_20230305_132053.jpg",
      "position": 128,
      "room": 8,
      "desc": ""
    }
  },
  {
    "model": "main_page.roomphoto",
    "pk": 137,
    "fields": {
      "photo": "rooms_img/room_12/IMG_20230305_132143.jpg",
      "position": 129,
      "room": 8,
      "desc": ""
    }
  },
  {
    "model": "main_page.roomphoto",
    "pk": 138,
    "fields": {
      "photo": "rooms_img/room_12/IMG_20230305_132237.jpg",
      "position": 130,
      "room": 8,
      "desc": ""
    }
  },
  {
    "model": "main_page.roomphoto",
    "pk": 139,
    "fields": {
      "photo": "rooms_img/room_12/IMG_20230305_132300.jpg",
      "position": 131,
      "room": 8,
      "desc": ""
    }
  },
  {
    "model": "main_page.roomphoto",
    "pk": 140,
    "fields": {
      "photo": "rooms_img/room_7/7_title_OnZrxd5.jpg",
      "position": 71,
      "room": 11,
      "desc": ""
    }
  },
  {
    "model": "main_page.roomphoto",
    "pk": 141,
    "fields": {
      "photo": "rooms_img/room_7/IMG_20230305_141455.jpg",
      "position": 72,
      "room": 11,
      "desc": ""
    }
  },
  {
    "model": "main_page.roomphoto",
    "pk": 142,
    "fields": {
      "photo": "rooms_img/room_7/IMG_20230305_141536.jpg",
      "position": 73,
      "room": 11,
      "desc": ""
    }
  },
  {
    "model": "main_page.roomphoto",
    "pk": 143,
    "fields": {
      "photo": "rooms_img/room_7/IMG_20230305_141645.jpg",
      "position": 74,
      "room": 11,
      "desc": ""
    }
  },
  {
    "model": "main_page.roomphoto",
    "pk": 144,
    "fields": {
      "photo": "rooms_img/room_10/10_title_adaaKBP.jpg",
      "position": 101,
      "room": 13,
      "desc": ""
    }
  },
  {
    "model": "main_page.roomphoto",
    "pk": 145,
    "fields": {
      "photo": "rooms_img/room_10/IMG_20230305_140406.jpg",
      "position": 102,
      "room": 13,
      "desc": ""
    }
  },
  {
    "model": "main_page.roomphoto",
    "pk": 146,
    "fields": {
      "photo": "rooms_img/room_10/IMG_20230305_140421.jpg",
      "position": 103,
      "room": 13,
      "desc": ""
    }
  },
  {
    "model": "main_page.roomphoto",
    "pk": 147,
    "fields": {
      "photo": "rooms_img/room_10/IMG_20230305_140526.jpg",
      "position": 104,
      "room": 13,
      "desc": ""
    }
  },
  {
    "model": "main_page.roomphoto",
    "pk": 148,
    "fields": {
      "photo": "rooms_img/room_10/IMG_20230305_140636.jpg",
      "position": 105,
      "room": 13,
      "desc": ""
    }
  },
  {
    "model": "main_page.roomphoto",
    "pk": 149,
    "fields": {
      "photo": "rooms_img/room_10/IMG_20230305_140655.jpg",
      "position": 106,
      "room": 13,
      "desc": ""
    }
  },
  {
    "model": "main_page.roomphoto",
    "pk": 150,
    "fields": {
      "photo": "rooms_img/room_10/IMG_20230305_140810.jpg",
      "position": 107,
      "room": 13,
      "desc": ""
    }
  },
  {
    "model": "main_page.roomphoto",
    "pk": 151,
    "fields": {
      "photo": "rooms_img/room_11/11_title_mibSKEG.jpg",
      "position": 111,
      "room": 14,
      "desc": ""
    }
  },
  {
    "model": "main_page.roomphoto",
    "pk": 152,
    "fields": {
      "photo": "rooms_img/room_11/IMG_20230305_142141.jpg",
      "position": 112,
      "room": 14,
      "desc": ""
    }
  },
  {
    "model": "main_page.roomphoto",
    "pk": 153,
    "fields": {
      "photo": "rooms_img/room_11/IMG_20230305_142240.jpg",
      "position": 113,
      "room": 14,
      "desc": ""
    }
  },
  {
    "model": "main_page.roomphoto",
    "pk": 154,
    "fields": {
      "photo": "rooms_img/room_11/IMG_20230305_142351.jpg",
      "position": 114,
      "room": 14,
      "desc": ""
    }
  },
  {
    "model": "main_page.roomphoto",
    "pk": 155,
    "fields": {
      "photo": "rooms_img/room_11/IMG_20230305_142511.jpg",
      "position": 115,
      "room": 14,
      "desc": ""
    }
  },
  {
    "model": "main_page.roomphoto",
    "pk": 156,
    "fields": {
      "photo": "rooms_img/room_11/IMG_20230305_142629.jpg",
      "position": 116,
      "room": 14,
      "desc": ""
    }
  },
  {
    "model": "main_page.roomphoto",
    "pk": 157,
    "fields": {
      "photo": "rooms_img/room_11/IMG_20230305_142754.jpg",
      "position": 117,
      "room": 14,
      "desc": ""
    }
  },
  {
    "model": "main_page.roomphoto",
    "pk": 158,
    "fields": {
      "photo": "rooms_img/room_6/6_title_v4CiCAn.jpg",
      "position": 61,
      "room": 10,
      "desc": ""
    }
  },
  {
    "model": "main_page.roomphoto",
    "pk": 159,
    "fields": {
      "photo": "rooms_img/room_6/IMG_20230305_135545.jpg",
      "position": 62,
      "room": 10,
      "desc": ""
    }
  },
  {
    "model": "main_page.roomphoto",
    "pk": 160,
    "fields": {
      "photo": "rooms_img/room_6/IMG_20230305_135705.jpg",
      "position": 63,
      "room": 10,
      "desc": ""
    }
  },
  {
    "model": "main_page.roomphoto",
    "pk": 161,
    "fields": {
      "photo": "rooms_img/room_6/IMG_20230305_135756.jpg",
      "position": 64,
      "room": 10,
      "desc": ""
    }
  },
  {
    "model": "main_page.roomphoto",
    "pk": 162,
    "fields": {
      "photo": "rooms_img/room_6/IMG_20230305_135902.jpg",
      "position": 65,
      "room": 10,
      "desc": ""
    }
  },
  {
    "model": "main_page.roomphoto",
    "pk": 163,
    "fields": {
      "photo": "rooms_img/room_6/IMG_20230305_140012.jpg",
      "position": 66,
      "room": 10,
      "desc": ""
    }
  },
  {
    "model": "main_page.roomphoto",
    "pk": 164,
    "fields": {
      "photo": "rooms_img/room_6/IMG_20230305_140103.jpg",
      "position": 67,
      "room": 10,
      "desc": ""
    }
  },
  {
    "model": "main_page.roomphoto",
    "pk": 165,
    "fields": {
      "photo": "rooms_img/room_21/21_title_NHmXOWE.jpg",
      "position": 211,
      "room": 17,
      "desc": ""
    }
  },
  {
    "model": "main_page.roomphoto",
    "pk": 166,
    "fields": {
      "photo": "rooms_img/room_21/IMG_20230305_145132.jpg",
      "position": 212,
      "room": 17,
      "desc": ""
    }
  },
  {
    "model": "main_page.roomphoto",
    "pk": 167,
    "fields": {
      "photo": "rooms_img/room_21/IMG_20230305_145245.jpg",
      "position": 213,
      "room": 17,
      "desc": ""
    }
  },
  {
    "model": "main_page.roomphoto",
    "pk": 168,
    "fields": {
      "photo": "rooms_img/room_21/IMG_20230305_145342.jpg",
      "position": 214,
      "room": 17,
      "desc": ""
    }
  },
  {
    "model": "main_page.roomphoto",
    "pk": 169,
    "fields": {
      "photo": "rooms_img/room_21/IMG_20230305_145501.jpg",
      "position": 215,
      "room": 17,
      "desc": ""
    }
  },
  {
    "model": "main_page.roomphoto",
    "pk": 170,
    "fields": {
      "photo": "rooms_img/room_21/IMG_20230305_145705.jpg",
      "position": 216,
      "room": 17,
      "desc": ""
    }
  },
  {
    "model": "main_page.roomphoto",
    "pk": 171,
    "fields": {
      "photo": "rooms_img/room_5/5_title_CVbDCpW.jpg",
      "position": 51,
      "room": 9,
      "desc": ""
    }
  },
  {
    "model": "main_page.roomphoto",
    "pk": 172,
    "fields": {
      "photo": "rooms_img/room_5/IMG_20230305_134309.jpg",
      "position": 52,
      "room": 9,
      "desc": ""
    }
  },
  {
    "model": "main_page.roomphoto",
    "pk": 173,
    "fields": {
      "photo": "rooms_img/room_5/IMG_20230305_134615.jpg",
      "position": 53,
      "room": 9,
      "desc": ""
    }
  },
  {
    "model": "main_page.roomphoto",
    "pk": 174,
    "fields": {
      "photo": "rooms_img/room_5/IMG_20230305_134821.jpg",
      "position": 54,
      "room": 9,
      "desc": ""
    }
  },
  {
    "model": "main_page.roomphoto",
    "pk": 175,
    "fields": {
      "photo": "rooms_img/room_5/IMG_20230305_134921.jpg",
      "position": 55,
      "room": 9,
      "desc": ""
    }
  },
  {
    "model": "main_page.roomphoto",
    "pk": 176,
    "fields": {
      "photo": "rooms_img/room_5/IMG_20230305_135021.jpg",
      "position": 56,
      "room": 9,
      "desc": ""
    }
  },
  {
    "model": "main_page.roomphoto",
    "pk": 177,
    "fields": {
      "photo": "rooms_img/room_5/IMG_20230305_135030.jpg",
      "position": 57,
      "room": 9,
      "desc": ""
    }
  },
  {
    "model": "main_page.roomphoto",
    "pk": 178,
    "fields": {
      "photo": "rooms_img/room_5/IMG_20230305_135123.jpg",
      "position": 58,
      "room": 9,
      "desc": ""
    }
  },
  {
    "model": "main_page.roomphoto",
    "pk": 179,
    "fields": {
      "photo": "rooms_img/room_5/IMG_20230305_135156.jpg",
      "position": 59,
      "room": 9,
      "desc": ""
    }
  },
  {
    "model": "main_page.roomphoto",
    "pk": 180,
    "fields": {
      "photo": "rooms_img/room_8/8_title_ANlAEuE.jpg",
      "position": 81,
      "room": 15,
      "desc": ""
    }
  },
  {
    "model": "main_page.roomphoto",
    "pk": 181,
    "fields": {
      "photo": "rooms_img/room_8/IMG_20230305_143142.jpg",
      "position": 82,
      "room": 15,
      "desc": ""
    }
  },
  {
    "model": "main_page.roomphoto",
    "pk": 182,
    "fields": {
      "photo": "rooms_img/room_8/IMG_20230305_143233.jpg",
      "position": 83,
      "room": 15,
      "desc": ""
    }
  },
  {
    "model": "main_page.roomphoto",
    "pk": 183,
    "fields": {
      "photo": "rooms_img/room_8/IMG_20230305_143311.jpg",
      "position": 84,
      "room": 15,
      "desc": ""
    }
  },
  {
    "model": "main_page.roomphoto",
    "pk": 184,
    "fields": {
      "photo": "rooms_img/room_8/IMG_20230305_143339.jpg",
      "position": 85,
      "room": 15,
      "desc": ""
    }
  },
  {
    "model": "main_page.roomphoto",
    "pk": 185,
    "fields": {
      "photo": "rooms_img/room_8/IMG_20230305_143436.jpg",
      "position": 86,
      "room": 15,
      "desc": ""
    }
  },
  {
    "model": "main_page.roomphoto",
    "pk": 186,
    "fields": {
      "photo": "rooms_img/room_8/IMG_20230305_143519.jpg",
      "position": 87,
      "room": 15,
      "desc": ""
    }
  },
  {
    "model": "main_page.roomphoto",
    "pk": 187,
    "fields": {
      "photo": "rooms_img/room_14/14_title_G3at08Q.jpg",
      "position": 141,
      "room": 16,
      "desc": ""
    }
  },
  {
    "model": "main_page.roomphoto",
    "pk": 188,
    "fields": {
      "photo": "rooms_img/room_14/IMG_20230305_132749.jpg",
      "position": 142,
      "room": 16,
      "desc": ""
    }
  },
  {
    "model": "main_page.roomphoto",
    "pk": 189,
    "fields": {
      "photo": "rooms_img/room_14/IMG_20230305_132826.jpg",
      "position": 143,
      "room": 16,
      "desc": ""
    }
  },
  {
    "model": "main_page.roomphoto",
    "pk": 190,
    "fields": {
      "photo": "rooms_img/room_14/IMG_20230305_132901.jpg",
      "position": 144,
      "room": 16,
      "desc": ""
    }
  },
  {
    "model": "main_page.roomphoto",
    "pk": 191,
    "fields": {
      "photo": "rooms_img/room_14/IMG_20230305_133053.jpg",
      "position": 145,
      "room": 16,
      "desc": ""
    }
  },
  {
    "model": "main_page.roomphoto",
    "pk": 192,
    "fields": {
      "photo": "rooms_img/room_14/IMG_20230305_133123.jpg",
      "position": 146,
      "room": 16,
      "desc": ""
    }
  },
  {
    "model": "main_page.roomphoto",
    "pk": 193,
    "fields": {
      "photo": "rooms_img/room_23/23_title_45AHJxe.jpg",
      "position": 231,
      "room": 18,
      "desc": ""
    }
  },
  {
    "model": "main_page.roomphoto",
    "pk": 194,
    "fields": {
      "photo": "rooms_img/room_23/IMG_20230305_144009.jpg",
      "position": 232,
      "room": 18,
      "desc": ""
    }
  },
  {
    "model": "main_page.roomphoto",
    "pk": 195,
    "fields": {
      "photo": "rooms_img/room_23/IMG_20230305_144017.jpg",
      "position": 233,
      "room": 18,
      "desc": ""
    }
  },
  {
    "model": "main_page.roomphoto",
    "pk": 196,
    "fields": {
      "photo": "rooms_img/room_23/IMG_20230305_144040.jpg",
      "position": 234,
      "room": 18,
      "desc": ""
    }
  },
  {
    "model": "main_page.roomphoto",
    "pk": 197,
    "fields": {
      "photo": "rooms_img/room_23/IMG_20230305_144153.jpg",
      "position": 235,
      "room": 18,
      "desc": ""
    }
  },
  {
    "model": "main_page.roomphoto",
    "pk": 198,
    "fields": {
      "photo": "rooms_img/room_23/IMG_20230305_144229.jpg",
      "position": 236,
      "room": 18,
      "desc": ""
    }
  },
  {
    "model": "main_page.roomphoto",
    "pk": 199,
    "fields": {
      "photo": "rooms_img/room_24/24_title_y2hy6dj.jpg",
      "position": 241,
      "room": 19,
      "desc": ""
    }
  },
  {
    "model": "main_page.roomphoto",
    "pk": 200,
    "fields": {
      "photo": "rooms_img/room_24/IMG_20230305_144553.jpg",
      "position": 242,
      "room": 19,
      "desc": ""
    }
  },
  {
    "model": "main_page.roomphoto",
    "pk": 201,
    "fields": {
      "photo": "rooms_img/room_24/IMG_20230305_144631.jpg",
      "position": 243,
      "room": 19,
      "desc": ""
    }
  },
  {
    "model": "main_page.roomphoto",
    "pk": 202,
    "fields": {
      "photo": "rooms_img/room_24/IMG_20230305_144708.jpg",
      "position": 244,
      "room": 19,
      "desc": ""
    }
  },
  {
    "model": "main_page.roomphoto",
    "pk": 203,
    "fields": {
      "photo": "rooms_img/room_24/IMG_20230305_144809.jpg",
      "position": 245,
      "room": 19,
      "desc": ""
    }
  },
  {
    "model": "main_page.roomphoto",
    "pk": 204,
    "fields": {
      "photo": "rooms_img/room_24/IMG_20230305_144829.jpg",
      "position": 246,
      "room": 19,
      "desc": ""
    }
  },
  {
    "model": "main_page.roomphoto",
    "pk": 205,
    "fields": {
      "photo": "rooms_img/room_24/IMG_20230305_144916.jpg",
      "position": 247,
      "room": 19,
      "desc": ""
    }
  },
  {
    "model": "main_page.roomphoto",
    "pk": 206,
    "fields": {
      "photo": "rooms_img/room_17/17_title_IFuDRG3.jpg",
      "position": 171,
      "room": 20,
      "desc": ""
    }
  },
  {
    "model": "main_page.roomphoto",
    "pk": 207,
    "fields": {
      "photo": "rooms_img/room_17/IMG_20230305_133832.jpg",
      "position": 172,
      "room": 20,
      "desc": ""
    }
  },
  {
    "model": "main_page.roomphoto",
    "pk": 208,
    "fields": {
      "photo": "rooms_img/room_17/IMG_20230305_133731.jpg",
      "position": 173,
      "room": 20,
      "desc": ""
    }
  },
  {
    "model": "main_page.roomphoto",
    "pk": 209,
    "fields": {
      "photo": "rooms_img/room_17/IMG_20230305_133504.jpg",
      "position": 174,
      "room": 20,
      "desc": ""
    }
  },
  {
    "model": "main_page.roomphoto",
    "pk": 210,
    "fields": {
      "photo": "rooms_img/room_17/IMG_20230305_133411.jpg",
      "position": 175,
      "room": 20,
      "desc": ""
    }
  },
  {
    "model": "main_page.roomphoto",
    "pk": 211,
    "fields": {
      "photo": "rooms_img/room_17/IMG_20230305_133430.jpg",
      "position": 176,
      "room": 20,
      "desc": ""
    }
  },
  {
    "model": "main_page.gallery",
    "pk": 10,
    "fields": {
      "photo": "gallery/IMG_0951_VH1IjJ3.JPG",
      "desc": "",
      "inn_short_desc": "небо_хмари_контрасти",
      "season": 2,
      "is_visible": true
    }
  },
  {
    "model": "main_page.gallery",
    "pk": 11,
    "fields": {
      "photo": "gallery/IMG_1014_2fjeEAP.JPG",
      "desc": "",
      "inn_short_desc": "пагорб_зелень",
      "season": 2,
      "is_visible": true
    }
  },
  {
    "model": "main_page.gallery",
    "pk": 12,
    "fields": {
      "photo": "gallery/IMG_1019_mDXmPkZ.JPG",
      "desc": "",
      "inn_short_desc": "доріжка",
      "season": 2,
      "is_visible": true
    }
  },
  {
    "model": "main_page.gallery",
    "pk": 13,
    "fields": {
      "photo": "gallery/IMG_1035_NbAPInr.JPG",
      "desc": "",
      "inn_short_desc": "ліс",
      "season": 2,
      "is_visible": true
    }
  },
  {
    "model": "main_page.gallery",
    "pk": 14,
    "fields": {
      "photo": "gallery/IMG_1087_3uyRbiL.JPG",
      "desc": "",
      "inn_short_desc": "ліс",
      "season": 2,
      "is_visible": true
    }
  },
  {
    "model": "main_page.gallery",
    "pk": 15,
    "fields": {
      "photo": "gallery/IMG_1124_YOPptiD.JPG",
      "desc": "",
      "inn_short_desc": "гілки_обрис_гірського_хребта",
      "season": 2,
      "is_visible": true
    }
  },
  {
    "model": "main_page.gallery",
    "pk": 16,
    "fields": {
      "photo": "gallery/IMG_1129_DkhFiyP.JPG",
      "desc": "",
      "inn_short_desc": "цвіт_яблуні",
      "season": 2,
      "is_visible": true
    }
  },
  {
    "model": "main_page.gallery",
    "pk": 17,
    "fields": {
      "photo": "gallery/IMG_1143_uKAuW1s.JPG",
      "desc": "",
      "inn_short_desc": "при_дорозі_після_дощу",
      "season": 2,
      "is_visible": true
    }
  },
  {
    "model": "main_page.gallery",
    "pk": 18,
    "fields": {
      "photo": "gallery/IMG_1263_HqYwdL9.JPG",
      "desc": "",
      "inn_short_desc": "буденне_життя_Східниці",
      "season": 2,
      "is_visible": true
    }
  },
  {
    "model": "main_page.gallery",
    "pk": 19,
    "fields": {
      "photo": "gallery/IMG_1289_IeSm9qR.JPG",
      "desc": "",
      "inn_short_desc": "цвіт_небо",
      "season": 2,
      "is_visible": true
    }
  },
  {
    "model": "main_page.gallery",
    "pk": 20,
    "fields": {
      "photo": "gallery/IMG_1552_4VWWTAp.JPG",
      "desc": "",
      "inn_short_desc": "доріжка",
      "season": 2,
      "is_visible": true
    }
  },
  {
    "model": "main_page.gallery",
    "pk": 21,
    "fields": {
      "photo": "gallery/IMG_4964_HuZ8y7C.JPG",
      "desc": "",
      "inn_short_desc": "ліс",
      "season": 1,
      "is_visible": true
    }
  },
  {
    "model": "main_page.gallery",
    "pk": 22,
    "fields": {
      "photo": "gallery/IMG_4981_bCVg3I8.JPG",
      "desc": "",
      "inn_short_desc": "дорога_на_3_джерело",
      "season": 1,
      "is_visible": true
    }
  },
  {
    "model": "main_page.gallery",
    "pk": 23,
    "fields": {
      "photo": "gallery/IMG_5005_HHOUvOB.JPG",
      "desc": "",
      "inn_short_desc": "краєвид_на_гору",
      "season": 1,
      "is_visible": true
    }
  },
  {
    "model": "main_page.gallery",
    "pk": 24,
    "fields": {
      "photo": "gallery/IMG_7241_8YKjcBp.JPG",
      "desc": "",
      "inn_short_desc": "дорога",
      "season": 1,
      "is_visible": true
    }
  },
  {
    "model": "main_page.gallery",
    "pk": 25,
    "fields": {
      "photo": "gallery/IMG_7535_2MevC9T.JPG",
      "desc": "",
      "inn_short_desc": "ліс",
      "season": 1,
      "is_visible": true
    }
  },
  {
    "model": "main_page.gallery",
    "pk": 26,
    "fields": {
      "photo": "gallery/IMG_5105_wl23YhS.JPG",
      "desc": "",
      "inn_short_desc": "гірські_хребти",
      "season": 3,
      "is_visible": true
    }
  },
  {
    "model": "main_page.gallery",
    "pk": 27,
    "fields": {
      "photo": "gallery/IMG_5285_Br9z0yz.JPG",
      "desc": "",
      "inn_short_desc": "квіти_сонце",
      "season": 3,
      "is_visible": true
    }
  },
  {
    "model": "main_page.gallery",
    "pk": 28,
    "fields": {
      "photo": "gallery/IMG_5303_UiP9IuP.JPG",
      "desc": "",
      "inn_short_desc": "квіти_сонце",
      "season": 3,
      "is_visible": true
    }
  },
  {
    "model": "main_page.gallery",
    "pk": 29,
    "fields": {
      "photo": "gallery/IMG_5328_xXRKlTR.JPG",
      "desc": "",
      "inn_short_desc": "дорога_небо",
      "season": 3,
      "is_visible": true
    }
  },
  {
    "model": "main_page.gallery",
    "pk": 30,
    "fields": {
      "photo": "gallery/IMG_5675_VIMQv3Z.JPG",
      "desc": "",
      "inn_short_desc": "пташка_в_лісі",
      "season": 3,
      "is_visible": true
    }
  },
  {
    "model": "main_page.gallery",
    "pk": 31,
    "fields": {
      "photo": "gallery/IMG_5681_8tT1hKA.JPG",
      "desc": "",
      "inn_short_desc": "діти_білочка",
      "season": 3,
      "is_visible": true
    }
  },
  {
    "model": "main_page.gallery",
    "pk": 32,
    "fields": {
      "photo": "gallery/IMG_5691_MIgATXw.JPG",
      "desc": "",
      "inn_short_desc": "квіти_ліс",
      "season": 3,
      "is_visible": true
    }
  },
  {
    "model": "main_page.gallery",
    "pk": 33,
    "fields": {
      "photo": "gallery/IMG_5729_WyJfqeq.JPG",
      "desc": "",
      "inn_short_desc": "дорога_на_3_джерело",
      "season": 3,
      "is_visible": true
    }
  },
  {
    "model": "main_page.gallery",
    "pk": 34,
    "fields": {
      "photo": "gallery/IMG_5753_hEslOns.JPG",
      "desc": "",
      "inn_short_desc": "дощ",
      "season": 3,
      "is_visible": true
    }
  },
  {
    "model": "main_page.gallery",
    "pk": 35,
    "fields": {
      "photo": "gallery/IMG_5760_I1yieHk.JPG",
      "desc": "",
      "inn_short_desc": "гірський_хребет",
      "season": 3,
      "is_visible": true
    }
  },
  {
    "model": "main_page.gallery",
    "pk": 36,
    "fields": {
      "photo": "gallery/IMG_7393_ubD2MV4.JPG",
      "desc": "",
      "inn_short_desc": "краєвид_Східниця",
      "season": 3,
      "is_visible": true
    }
  },
  {
    "model": "main_page.gallery",
    "pk": 37,
    "fields": {
      "photo": "gallery/IMG_2260_KqDVNxz.JPG",
      "desc": "",
      "inn_short_desc": "хатинка",
      "season": 4,
      "is_visible": true
    }
  },
  {
    "model": "main_page.gallery",
    "pk": 38,
    "fields": {
      "photo": "gallery/IMG_2285_KdIve2h.JPG",
      "desc": "",
      "inn_short_desc": "ліс",
      "season": 4,
      "is_visible": true
    }
  },
  {
    "model": "main_page.gallery",
    "pk": 39,
    "fields": {
      "photo": "gallery/IMG_2290_fLIOZ3R.JPG",
      "desc": "",
      "inn_short_desc": "ліс",
      "season": 4,
      "is_visible": true
    }
  },
  {
    "model": "main_page.gallery",
    "pk": 40,
    "fields": {
      "photo": "gallery/IMG_2311_6ozIGKZ.JPG",
      "desc": "",
      "inn_short_desc": "ліс",
      "season": 4,
      "is_visible": true
    }
  },
  {
    "model": "main_page.gallery",
    "pk": 41,
    "fields": {
      "photo": "gallery/IMG_2321_k0p0Sw8.JPG",
      "desc": "",
      "inn_short_desc": "ліс_верхів'я",
      "season": 4,
      "is_visible": true
    }
  },
  {
    "model": "main_page.gallery",
    "pk": 42,
    "fields": {
      "photo": "gallery/IMG_2327_ZMyHG8C.JPG",
      "desc": "",
      "inn_short_desc": "ліс",
      "season": 4,
      "is_visible": true
    }
  },
  {
    "model": "main_page.gallery",
    "pk": 43,
    "fields": {
      "photo": "gallery/IMG_2420_t4bSzXY.JPG",
      "desc": "",
      "inn_short_desc": "небо_хмари_контрасти",
      "season": 4,
      "is_visible": true
    }
  },
  {
    "model": "main_page.gallery",
    "pk": 44,
    "fields": {
      "photo": "gallery/IMG_2422_85T41eC.JPG",
      "desc": "",
      "inn_short_desc": "небо_сонце_хмари_контрасти",
      "season": 4,
      "is_visible": true
    }
  },
  {
    "model": "main_page.gallery",
    "pk": 45,
    "fields": {
      "photo": "gallery/IMG_2447_2VqXiCa.JPG",
      "desc": "",
      "inn_short_desc": "ліс_гора",
      "season": 4,
      "is_visible": true
    }
  },
  {
    "model": "main_page.gallery",
    "pk": 46,
    "fields": {
      "photo": "gallery/IMG_5210_shlyUgf.JPG",
      "desc": "",
      "inn_short_desc": "дорога",
      "season": 4,
      "is_visible": true
    }
  },
  {
    "model": "main_page.gallery",
    "pk": 47,
    "fields": {
      "photo": "gallery/IMG_5218_z6jQPHU.JPG",
      "desc": "",
      "inn_short_desc": "ліс",
      "season": 4,
      "is_visible": true
    }
  },
  {
    "model": "main_page.gallery",
    "pk": 48,
    "fields": {
      "photo": "gallery/IMG_5225_k5lvAKt.JPG",
      "desc": "",
      "inn_short_desc": "ліс",
      "season": 4,
      "is_visible": true
    }
  },
  {
    "model": "main_page.about",
    "pk": 1,
    "fields": {
      "title": "",
      "sup_desc": "",
      "point_text_1": "Розташовуємося в самому серці Східниці",
      "point_text_2": "Пропонуємо бюджетне проживання в затишних комфортних номерах",
      "point_text_3": "Поруч усе необхідне: ринок, супермаркети та крамниці, кафе, кав'ярні",
      "point_text_4": "Повз садибу протікає річка, де можна погодувати качок",
      "point_text_5": "",
      "inf_desc": "Ласкаво просимо!",
      "is_visible": true,
      "photo": "about/11232077m.jpg"
    }
  },
  {
    "model": "main_page.contacts",
    "pk": 1,
    "fields": {
      "title": "Наші контакти",
      "sub_title": "садиба «Леонтія»",
      "phone_title": "Телефон",
      "phone": "0984046578",
      "phone_add": "",
      "address_title": "Адреса",
      "address": "смт Східниця, вул. Зарічна 37а",
      "email_title": "Email",
      "email": "olexakljus@gmail.com",
      "email_add": "",
      "socials": "",
      "add_information": "",
      "open_hours_title": "Працюємо",
      "open_days_1": "Пн-Сб",
      "open_hours_1": "11:00-18:00",
      "open_days_2": "Нд",
      "open_hours_2": "11:00-15:00",
      "day_off_title": "",
      "day_off": ""
    }
  },
  {
    "model": "main_page.reservation",
    "pk": 8,
    "fields": {
      "name": "Тетяна",
      "last_name": "",
      "phone": "0660971767",
      "user_email": null,
      "persons": 2,
      "message": "Зручно відповісти на дзвінок в обідній час (13-14 год). Ще зручніше відповісти в телеграмі.",
      "room": 7,
      "room_price": "800.00",
      "user_id": 1,
      "date": "2023-03-31",
      "date_processing": "2023-03-31",
      "is_processed": false
    }
  },
  {
    "model": "main_page.reservation",
    "pk": 9,
    "fields": {
      "name": "Ольга",
      "last_name": "",
      "phone": "0673658375",
      "user_email": null,
      "persons": 1,
      "message": "Хочу забронювати номер для сестри Надії. Зателефонуйте мені після 17 год",
      "room": 13,
      "room_price": "550.00",
      "user_id": 1,
      "date": "2023-03-31",
      "date_processing": "2023-03-31",
      "is_processed": false
    }
  },
  {
    "model": "main_page.reservation",
    "pk": 10,
    "fields": {
      "name": "Ihor",
      "last_name": "",
      "phone": "0985637586",
      "user_email": null,
      "persons": 2,
      "message": "",
      "room": 17,
      "room_price": "500.00",
      "user_id": 1,
      "date": "2023-03-31",
      "date_processing": "2023-03-31",
      "is_processed": false
    }
  },
  {
    "model": "account.userprofile",
    "pk": 1,
    "fields": {
      "user": 2,
      "phone": "0984045656"
    }
  },
  {
    "model": "account.userprofile",
    "pk": 2,
    "fields": {
      "user": 3,
      "phone": ""
    }
  },
  {
    "model": "account.userprofile",
    "pk": 3,
    "fields": {
      "user": 4,
      "phone": ""
    }
  }
]
